delivery_date,delivery_hour,price_eur_mwh,volume_buy_mwh,volume_sell_mwh,net_position_mwh
2026-01-05,0,46.83,43704.0,44881.0,889.0
2026-01-05,1,26.21,47348.0,48637.0,1737.0
2026-01-05,2,52.44,54732.0,53191.0,-128.0
2026-01-05,3,42.41,44349.0,43401.0,-2240.0
2026-01-05,4,50.22,45418.0,46561.0,1264.0
2026-01-05,5,54.37,53714.0,54034.0,1190.0
2026-01-05,6,61.22,36481.0,36614.0,-822.0
2026-01-05,7,78.29,54719.0,55618.0,880.0
2026-01-05,8,88.35,50958.0,49474.0,-321.0
2026-01-05,9,83.19,48670.0,48152.0,2191.0
2026-01-05,10,80.69,51371.0,52176.0,1126.0
2026-01-05,11,110.7,50689.0,50272.0,1324.0
2026-01-05,12,77.61,44247.0,42391.0,-1549.0
2026-01-05,13,82.93,45914.0,44470.0,1713.0
2026-01-05,14,96.99,47393.0,48731.0,2363.0
2026-01-05,15,88.9,50571.0,50730.0,-1077.0
2026-01-05,16,90.0,38583.0,37271.0,2181.0
2026-01-05,17,82.74,41004.0,41112.0,1861.0
2026-01-05,18,97.39,35026.0,34177.0,-1980.0
2026-01-05,19,82.82,53876.0,52846.0,-918.0
2026-01-05,20,35.61,42719.0,41806.0,-1166.0
2026-01-05,21,32.39,35942.0,34249.0,-389.0
2026-01-05,22,36.21,35256.0,35465.0,-2999.0
2026-01-05,23,54.56,42392.0,44295.0,1329.0
2026-01-06,0,63.36,54022.0,53042.0,-1146.0
2026-01-06,1,49.42,36732.0,37611.0,2271.0
2026-01-06,2,53.89,45747.0,46589.0,-2864.0
2026-01-06,3,38.37,50706.0,51302.0,-78.0
2026-01-06,4,55.25,36492.0,36031.0,1431.0
2026-01-06,5,54.62,51360.0,50093.0,-1380.0
2026-01-06,6,38.08,39665.0,38247.0,2116.0
2026-01-06,7,83.2,42461.0,40787.0,-91.0
2026-01-06,8,84.45,47752.0,46360.0,1675.0
2026-01-06,9,90.15,43300.0,43225.0,2193.0
2026-01-06,10,86.95,48855.0,47002.0,-1631.0
2026-01-06,11,106.1,35499.0,37438.0,-2120.0
2026-01-06,12,88.78,36131.0,34327.0,2805.0
2026-01-06,13,90.79,44544.0,44778.0,-1940.0
2026-01-06,14,96.35,42593.0,44251.0,979.0
2026-01-06,15,101.47,46292.0,47439.0,1582.0
2026-01-06,16,96.26,38034.0,38001.0,2775.0
2026-01-06,17,99.91,47491.0,46136.0,1168.0
2026-01-06,18,84.06,51845.0,50015.0,1389.0
2026-01-06,19,74.49,48342.0,46671.0,469.0
2026-01-06,20,38.71,47311.0,46932.0,-1828.0
2026-01-06,21,29.0,46030.0,44205.0,609.0
2026-01-06,22,42.31,40426.0,39981.0,1626.0
2026-01-06,23,50.87,36776.0,36048.0,-2920.0
2026-01-07,0,43.17,37388.0,39020.0,-49.0
2026-01-07,1,46.38,40198.0,40494.0,1407.0
2026-01-07,2,39.39,40388.0,40525.0,-2245.0
2026-01-07,3,65.35,37556.0,36374.0,-174.0
2026-01-07,4,53.6,51139.0,50622.0,2209.0
2026-01-07,5,54.39,45814.0,47580.0,-1145.0
2026-01-07,6,60.33,43168.0,41896.0,15.0
2026-01-07,7,83.43,48564.0,49360.0,1805.0
2026-01-07,8,83.2,50057.0,49231.0,-457.0
2026-01-07,9,71.05,52689.0,52173.0,2936.0
2026-01-07,10,95.37,37894.0,39645.0,1499.0
2026-01-07,11,92.59,43918.0,42338.0,372.0
2026-01-07,12,95.71,43953.0,45470.0,-2823.0
2026-01-07,13,86.88,36788.0,37225.0,1841.0
2026-01-07,14,106.28,45943.0,44556.0,-1422.0
2026-01-07,15,92.11,40056.0,39274.0,1835.0
2026-01-07,16,74.86,50402.0,48592.0,-2664.0
2026-01-07,17,80.52,35637.0,34054.0,-2762.0
2026-01-07,18,83.27,46902.0,46334.0,4.0
2026-01-07,19,84.76,44665.0,45262.0,1872.0
2026-01-07,20,53.19,44648.0,44721.0,1606.0
2026-01-07,21,36.27,43585.0,45249.0,59.0
2026-01-07,22,52.66,43078.0,43985.0,2045.0
2026-01-07,23,27.03,51031.0,50815.0,-2536.0
2026-01-08,0,42.28,37859.0,39749.0,-166.0
2026-01-08,1,39.01,48902.0,50554.0,-1021.0
2026-01-08,2,36.69,51188.0,49719.0,1914.0
2026-01-08,3,47.28,45093.0,43173.0,-2575.0
2026-01-08,4,48.58,37242.0,37695.0,-2008.0
2026-01-08,5,42.94,49087.0,49254.0,-1957.0
2026-01-08,6,46.97,45827.0,44468.0,-1935.0
2026-01-08,7,79.01,48087.0,49443.0,1001.0
2026-01-08,8,88.45,54376.0,56156.0,-1668.0
2026-01-08,9,91.88,38760.0,40049.0,2776.0
2026-01-08,10,100.56,38821.0,36876.0,2954.0
2026-01-08,11,73.41,40276.0,41212.0,-2765.0
2026-01-08,12,95.22,38971.0,40361.0,1653.0
2026-01-08,13,109.42,38318.0,39568.0,-1518.0
2026-01-08,14,93.53,46433.0,47205.0,800.0
2026-01-08,15,98.02,47070.0,46880.0,1452.0
2026-01-08,16,95.6,50115.0,49897.0,862.0
2026-01-08,17,78.62,45669.0,44258.0,1126.0
2026-01-08,18,84.34,54890.0,55165.0,-198.0
2026-01-08,19,72.93,36206.0,36471.0,2077.0
2026-01-08,20,42.12,44498.0,44484.0,-2492.0
2026-01-08,21,51.41,51832.0,51002.0,939.0
2026-01-08,22,56.75,52013.0,50540.0,-1482.0
2026-01-08,23,43.65,50678.0,49793.0,221.0
2026-01-09,0,33.04,35215.0,34863.0,1167.0
2026-01-09,1,36.47,37749.0,37720.0,-59.0
2026-01-09,2,54.48,47144.0,47841.0,-1406.0
2026-01-09,3,45.59,48860.0,49631.0,-423.0
2026-01-09,4,53.44,41913.0,42780.0,-1768.0
2026-01-09,5,53.52,42789.0,41405.0,-2149.0
2026-01-09,6,47.98,41978.0,43403.0,-2890.0
2026-01-09,7,96.67,38493.0,37295.0,-1743.0
2026-01-09,8,86.3,37436.0,38819.0,538.0
2026-01-09,9,95.61,39544.0,41039.0,-2943.0
2026-01-09,10,89.16,48404.0,48945.0,398.0
2026-01-09,11,89.63,51359.0,49720.0,2368.0
2026-01-09,12,98.36,44288.0,45204.0,-1368.0
2026-01-09,13,91.53,50879.0,51414.0,-1353.0
2026-01-09,14,81.45,42549.0,42189.0,-2290.0
2026-01-09,15,93.33,38965.0,37593.0,2915.0
2026-01-09,16,82.28,35381.0,36254.0,-1963.0
2026-01-09,17,89.1,47300.0,48857.0,70.0
2026-01-09,18,76.59,46441.0,48414.0,-2949.0
2026-01-09,19,84.31,42708.0,44353.0,-2980.0
2026-01-09,20,55.53,54162.0,53372.0,2296.0
2026-01-09,21,54.43,41278.0,39858.0,-415.0
2026-01-09,22,51.44,53424.0,51925.0,-2266.0
2026-01-09,23,57.27,43452.0,42714.0,772.0
2026-01-10,0,30.02,36714.0,37891.0,-1979.0
2026-01-10,1,39.82,40400.0,41318.0,-2811.0
2026-01-10,2,26.89,49229.0,47905.0,-2735.0
2026-01-10,3,33.0,42287.0,43586.0,-258.0
2026-01-10,4,28.89,39021.0,38677.0,1207.0
2026-01-10,5,16.0,40187.0,40753.0,2592.0
2026-01-10,6,39.98,41323.0,42656.0,2821.0
2026-01-10,7,62.25,36648.0,38640.0,1893.0
2026-01-10,8,73.4,46012.0,46242.0,1361.0
2026-01-10,9,67.49,38368.0,38266.0,-1271.0
2026-01-10,10,81.59,37563.0,35804.0,-1966.0
2026-01-10,11,73.77,37223.0,35965.0,-669.0
2026-01-10,12,81.99,49242.0,48066.0,1137.0
2026-01-10,13,85.08,48066.0,49723.0,-1721.0
2026-01-10,14,89.73,37565.0,36635.0,-66.0
2026-01-10,15,72.75,43024.0,42407.0,2620.0
2026-01-10,16,59.92,38963.0,37233.0,625.0
2026-01-10,17,88.9,43193.0,44756.0,-579.0
2026-01-10,18,68.47,51437.0,50428.0,2920.0
2026-01-10,19,65.51,42789.0,40887.0,413.0
2026-01-10,20,30.97,35717.0,36166.0,2498.0
2026-01-10,21,45.91,41534.0,41609.0,2159.0
2026-01-10,22,32.0,38948.0,37960.0,-1426.0
2026-01-10,23,34.75,53149.0,53648.0,-255.0
2026-01-11,0,37.68,39125.0,39014.0,908.0
2026-01-11,1,35.59,52917.0,52900.0,716.0
2026-01-11,2,35.61,53244.0,51291.0,-1587.0
2026-01-11,3,28.29,40644.0,38883.0,-1562.0
2026-01-11,4,36.99,51459.0,50909.0,2095.0
2026-01-11,5,35.84,44195.0,44679.0,197.0
2026-01-11,6,25.51,53391.0,53894.0,368.0
2026-01-11,7,75.95,40831.0,40145.0,-1212.0
2026-01-11,8,76.58,48885.0,49370.0,2881.0
2026-01-11,9,80.79,43675.0,43880.0,-2187.0
2026-01-11,10,71.08,36003.0,36889.0,-2086.0
2026-01-11,11,75.88,38536.0,38577.0,1595.0
2026-01-11,12,76.17,49214.0,50809.0,-1978.0
2026-01-11,13,67.05,44891.0,45639.0,91.0
2026-01-11,14,91.77,52355.0,53651.0,699.0
2026-01-11,15,80.8,40206.0,38757.0,-848.0
2026-01-11,16,88.12,42597.0,43496.0,740.0
2026-01-11,17,58.69,43373.0,41773.0,-930.0
2026-01-11,18,72.87,38825.0,37167.0,-1584.0
2026-01-11,19,71.11,42770.0,42033.0,-1451.0
2026-01-11,20,29.27,52753.0,53557.0,125.0
2026-01-11,21,34.03,46923.0,47691.0,2189.0
2026-01-11,22,33.15,54216.0,55630.0,-2343.0
2026-01-11,23,22.35,50106.0,49550.0,-2390.0
2026-01-12,0,42.94,39762.0,39058.0,-1491.0
2026-01-12,1,43.37,45226.0,46327.0,403.0
2026-01-12,2,56.81,44414.0,45072.0,-973.0
2026-01-12,3,46.33,39111.0,39290.0,1233.0
2026-01-12,4,44.76,39580.0,40149.0,-331.0
2026-01-12,5,40.85,40616.0,40311.0,1610.0
2026-01-12,6,40.0,43818.0,43735.0,-789.0
2026-01-12,7,93.32,44307.0,42996.0,2087.0
2026-01-12,8,86.38,53320.0,53161.0,2559.0
2026-01-12,9,98.7,41963.0,43718.0,-2797.0
2026-01-12,10,119.87,40224.0,38388.0,-1268.0
2026-01-12,11,95.37,37230.0,35717.0,2320.0
2026-01-12,12,99.36,49578.0,51002.0,15.0
2026-01-12,13,88.36,45620.0,47475.0,-805.0
2026-01-12,14,90.41,42319.0,42268.0,-652.0
2026-01-12,15,101.78,43249.0,41266.0,-41.0
2026-01-12,16,87.95,41551.0,40401.0,2893.0
2026-01-12,17,91.77,43460.0,43082.0,-559.0
2026-01-12,18,75.45,45285.0,46612.0,563.0
2026-01-12,19,71.69,38534.0,39829.0,1048.0
2026-01-12,20,48.81,46152.0,45140.0,-970.0
2026-01-12,21,47.27,35752.0,37012.0,-2342.0
2026-01-12,22,54.84,54835.0,52949.0,-2754.0
2026-01-12,23,54.3,54646.0,55349.0,1900.0
2026-01-13,0,51.22,42348.0,42204.0,799.0
2026-01-13,1,45.44,37848.0,38506.0,-1315.0
2026-01-13,2,50.86,51480.0,52785.0,-2654.0
2026-01-13,3,40.48,54212.0,53008.0,-538.0
2026-01-13,4,51.5,43296.0,43367.0,-2761.0
2026-01-13,5,36.19,44742.0,43859.0,-1073.0
2026-01-13,6,40.01,48098.0,48397.0,-2809.0
2026-01-13,7,95.65,37598.0,36521.0,-787.0
2026-01-13,8,73.73,53922.0,53264.0,658.0
2026-01-13,9,88.1,35710.0,35469.0,2914.0
2026-01-13,10,102.71,40141.0,39646.0,-1588.0
2026-01-13,11,89.99,40115.0,41405.0,-1171.0
2026-01-13,12,94.57,53837.0,53014.0,996.0
2026-01-13,13,95.81,44151.0,44211.0,-1056.0
2026-01-13,14,88.45,50869.0,50250.0,2795.0
2026-01-13,15,83.58,51680.0,51089.0,-509.0
2026-01-13,16,81.6,38618.0,39569.0,797.0
2026-01-13,17,89.81,35237.0,33423.0,-1465.0
2026-01-13,18,88.2,53973.0,55570.0,-681.0
2026-01-13,19,77.65,37121.0,35909.0,2297.0
2026-01-13,20,52.06,53467.0,55375.0,1019.0
2026-01-13,21,56.44,35355.0,35930.0,-898.0
2026-01-13,22,51.87,45735.0,44459.0,-774.0
2026-01-13,23,43.48,38025.0,37116.0,2683.0
2026-01-14,0,53.69,52101.0,51566.0,-2768.0
2026-01-14,1,57.3,44389.0,43073.0,-1699.0
2026-01-14,2,36.79,53477.0,52820.0,-265.0
2026-01-14,3,49.97,45532.0,46897.0,2047.0
2026-01-14,4,52.82,35044.0,34738.0,1326.0
2026-01-14,5,62.6,44275.0,46217.0,953.0
2026-01-14,6,39.38,44361.0,43903.0,2892.0
2026-01-14,7,76.68,48877.0,48268.0,2308.0
2026-01-14,8,87.06,45811.0,44764.0,-681.0
2026-01-14,9,90.3,50410.0,50050.0,-2771.0
2026-01-14,10,91.11,52974.0,52766.0,270.0
2026-01-14,11,101.52,37767.0,38468.0,-1397.0
2026-01-14,12,91.54,43223.0,41815.0,1866.0
2026-01-14,13,93.79,43904.0,43848.0,1538.0
2026-01-14,14,74.91,42300.0,42514.0,-158.0
2026-01-14,15,96.8,52731.0,51433.0,2699.0
2026-01-14,16,93.58,52494.0,52311.0,-2640.0
2026-01-14,17,83.66,43357.0,44969.0,-1778.0
2026-01-14,18,74.85,46139.0,47766.0,2240.0
2026-01-14,19,72.13,52192.0,50623.0,-632.0
2026-01-14,20,34.96,39986.0,38102.0,2848.0
2026-01-14,21,47.41,35335.0,34096.0,-749.0
2026-01-14,22,46.14,53903.0,52924.0,1695.0
2026-01-14,23,46.53,50414.0,50537.0,-1068.0
2026-01-15,0,57.89,54400.0,54317.0,-1935.0
2026-01-15,1,46.51,38205.0,38174.0,-1864.0
2026-01-15,2,25.32,35443.0,36213.0,2931.0
2026-01-15,3,53.02,48291.0,48632.0,-2869.0
2026-01-15,4,39.75,53713.0,53972.0,-2228.0
2026-01-15,5,37.37,40117.0,39314.0,-2201.0
2026-01-15,6,53.15,42410.0,43481.0,-2082.0
2026-01-15,7,77.03,52120.0,50595.0,-1871.0
2026-01-15,8,94.51,42850.0,44740.0,-1716.0
2026-01-15,9,73.8,38665.0,39803.0,2417.0
2026-01-15,10,82.95,37906.0,37012.0,1165.0
2026-01-15,11,102.2,49506.0,48294.0,-2131.0
2026-01-15,12,86.24,48708.0,47829.0,1960.0
2026-01-15,13,80.52,35620.0,35756.0,2654.0
2026-01-15,14,93.44,39086.0,40992.0,2239.0
2026-01-15,15,91.52,50734.0,51248.0,2723.0
2026-01-15,16,90.27,54135.0,55325.0,-2400.0
2026-01-15,17,83.07,46436.0,45166.0,817.0
2026-01-15,18,85.85,38570.0,38112.0,-176.0
2026-01-15,19,80.64,41577.0,39584.0,-960.0
2026-01-15,20,44.67,40834.0,40058.0,225.0
2026-01-15,21,48.21,53835.0,54569.0,-14.0
2026-01-15,22,52.33,36475.0,37051.0,-2151.0
2026-01-15,23,47.87,51804.0,49875.0,-1341.0
2026-01-16,0,47.67,39268.0,39580.0,1700.0
2026-01-16,1,45.72,42129.0,43052.0,2126.0
2026-01-16,2,39.42,40598.0,40501.0,-1679.0
2026-01-16,3,45.95,36939.0,35900.0,-1789.0
2026-01-16,4,52.8,49991.0,51598.0,-2589.0
2026-01-16,5,23.7,38889.0,38336.0,-2266.0
2026-01-16,6,57.44,39062.0,40246.0,593.0
2026-01-16,7,79.27,46054.0,46541.0,2652.0
2026-01-16,8,101.09,54621.0,54652.0,-242.0
2026-01-16,9,103.06,42409.0,42413.0,-1298.0
2026-01-16,10,88.03,41500.0,40186.0,-1241.0
2026-01-16,11,97.14,52034.0,53568.0,385.0
2026-01-16,12,80.87,35016.0,34580.0,2579.0
2026-01-16,13,91.94,40631.0,40862.0,-393.0
2026-01-16,14,99.31,54956.0,56222.0,1769.0
2026-01-16,15,101.01,54612.0,56255.0,-86.0
2026-01-16,16,102.35,38562.0,39928.0,-374.0
2026-01-16,17,81.42,38116.0,38162.0,994.0
2026-01-16,18,96.41,54955.0,53276.0,2305.0
2026-01-16,19,95.44,44448.0,45593.0,1706.0
2026-01-16,20,57.12,48689.0,47360.0,-573.0
2026-01-16,21,49.2,37473.0,36191.0,-1344.0
2026-01-16,22,48.0,54035.0,54814.0,-2661.0
2026-01-16,23,45.65,46543.0,48028.0,2764.0
2026-01-17,0,40.63,54611.0,52993.0,289.0
2026-01-17,1,29.94,51250.0,50666.0,-2712.0
2026-01-17,2,29.12,54338.0,54106.0,2769.0
2026-01-17,3,25.03,38355.0,38491.0,-376.0
2026-01-17,4,44.06,47126.0,46932.0,961.0
2026-01-17,5,27.02,50330.0,50522.0,2616.0
2026-01-17,6,51.85,38877.0,39142.0,143.0
2026-01-17,7,63.3,53528.0,52741.0,473.0
2026-01-17,8,72.74,40806.0,41048.0,-475.0
2026-01-17,9,71.72,54309.0,52800.0,-1054.0
2026-01-17,10,64.07,38362.0,39345.0,2128.0
2026-01-17,11,73.36,54746.0,55808.0,1378.0
2026-01-17,12,89.76,48919.0,47240.0,896.0
2026-01-17,13,85.88,47649.0,49229.0,1728.0
2026-01-17,14,73.94,46097.0,45335.0,-2378.0
2026-01-17,15,73.49,54018.0,55564.0,2710.0
2026-01-17,16,69.26,50652.0,50778.0,-176.0
2026-01-17,17,86.67,41805.0,42352.0,397.0
2026-01-17,18,70.66,48207.0,46427.0,-2711.0
2026-01-17,19,67.63,50581.0,49462.0,1090.0
2026-01-17,20,42.6,43263.0,43485.0,2679.0
2026-01-17,21,27.77,53116.0,51951.0,-333.0
2026-01-17,22,33.27,41965.0,41646.0,-211.0
2026-01-17,23,33.82,39792.0,39694.0,-319.0
2026-01-18,0,29.24,43777.0,42210.0,-332.0
2026-01-18,1,12.73,53537.0,53946.0,1137.0
2026-01-18,2,37.11,48863.0,49154.0,-2827.0
2026-01-18,3,33.54,54856.0,55791.0,2637.0
2026-01-18,4,38.59,41393.0,40200.0,194.0
2026-01-18,5,33.73,50513.0,51544.0,-229.0
2026-01-18,6,17.99,41020.0,40229.0,-2521.0
2026-01-18,7,79.53,51181.0,52532.0,272.0
2026-01-18,8,65.74,50564.0,50651.0,-617.0
2026-01-18,9,51.22,42358.0,43386.0,1052.0
2026-01-18,10,71.82,48087.0,48261.0,-2830.0
2026-01-18,11,70.34,51218.0,50718.0,2956.0
2026-01-18,12,81.77,41236.0,42003.0,-1530.0
2026-01-18,13,85.4,47207.0,46419.0,-1264.0
2026-01-18,14,96.18,42342.0,40378.0,8.0
2026-01-18,15,74.54,44651.0,46626.0,243.0
2026-01-18,16,79.52,44455.0,42963.0,1979.0
2026-01-18,17,66.43,45986.0,45353.0,-472.0
2026-01-18,18,71.67,51243.0,50498.0,1971.0
2026-01-18,19,81.77,43948.0,43083.0,-2726.0
2026-01-18,20,46.88,40857.0,40885.0,-2672.0
2026-01-18,21,29.36,51111.0,51233.0,250.0
2026-01-18,22,46.12,37334.0,36011.0,-2186.0
2026-01-18,23,26.94,52785.0,54396.0,2488.0
2026-01-19,0,53.49,52805.0,52184.0,1.0
2026-01-19,1,51.27,47198.0,47957.0,694.0
2026-01-19,2,39.96,52961.0,53668.0,2875.0
2026-01-19,3,58.58,48943.0,47770.0,14.0
2026-01-19,4,58.33,36635.0,38183.0,1809.0
2026-01-19,5,48.46,37451.0,39033.0,1445.0
2026-01-19,6,55.93,54508.0,53213.0,2526.0
2026-01-19,7,77.82,53554.0,53808.0,-397.0
2026-01-19,8,93.3,47159.0,46795.0,-2829.0
2026-01-19,9,96.74,40594.0,41990.0,2127.0
2026-01-19,10,94.59,47672.0,48366.0,1124.0
2026-01-19,11,86.69,52171.0,52032.0,-1599.0
2026-01-19,12,91.18,42799.0,44115.0,2288.0
2026-01-19,13,97.22,35263.0,33429.0,1055.0
2026-01-19,14,104.39,54290.0,53760.0,1353.0
2026-01-19,15,100.2,37872.0,36316.0,-2989.0
2026-01-19,16,93.24,50647.0,49210.0,-1864.0
2026-01-19,17,90.92,41201.0,42026.0,-221.0
2026-01-19,18,80.77,50651.0,50438.0,-63.0
2026-01-19,19,79.85,53107.0,54057.0,-223.0
2026-01-19,20,63.04,49495.0,49090.0,-22.0
2026-01-19,21,64.53,35046.0,33344.0,927.0
2026-01-19,22,47.71,36365.0,34716.0,-1845.0
2026-01-19,23,52.13,36707.0,35296.0,-1260.0
2026-01-20,0,43.6,40414.0,39147.0,-2179.0
2026-01-20,1,37.21,38446.0,37549.0,1536.0
2026-01-20,2,33.15,35393.0,34857.0,-94.0
2026-01-20,3,43.93,37495.0,38263.0,2419.0
2026-01-20,4,64.85,44180.0,43876.0,-2121.0
2026-01-20,5,42.21,35957.0,36510.0,-2196.0
2026-01-20,6,45.42,39708.0,39578.0,-1753.0
2026-01-20,7,81.69,51304.0,51690.0,-122.0
2026-01-20,8,90.68,49273.0,48720.0,2801.0
2026-01-20,9,82.61,44349.0,45871.0,323.0
2026-01-20,10,100.94,35635.0,35485.0,32.0
2026-01-20,11,101.73,48362.0,47239.0,-2822.0
2026-01-20,12,75.69,36292.0,34940.0,-2950.0
2026-01-20,13,84.12,50229.0,50861.0,-2555.0
2026-01-20,14,91.39,44660.0,43408.0,-2880.0
2026-01-20,15,87.69,43420.0,42559.0,-827.0
2026-01-20,16,92.73,36088.0,34933.0,1095.0
2026-01-20,17,91.24,45898.0,44438.0,-631.0
2026-01-20,18,86.59,49646.0,48863.0,1232.0
2026-01-20,19,93.29,40846.0,39180.0,261.0
2026-01-20,20,38.99,48428.0,47447.0,542.0
2026-01-20,21,48.95,49629.0,50106.0,2448.0
2026-01-20,22,44.68,44271.0,44939.0,-2097.0
2026-01-20,23,46.28,45764.0,46743.0,1623.0
2026-01-21,0,47.45,49262.0,50334.0,1536.0
2026-01-21,1,46.23,43290.0,42901.0,-1070.0
2026-01-21,2,46.43,36487.0,36164.0,833.0
2026-01-21,3,50.51,48434.0,49404.0,664.0
2026-01-21,4,43.13,50163.0,48994.0,2374.0
2026-01-21,5,45.87,37917.0,37879.0,857.0
2026-01-21,6,62.29,44301.0,44640.0,-116.0
2026-01-21,7,80.65,35607.0,34326.0,1268.0
2026-01-21,8,92.4,41276.0,39968.0,-1699.0
2026-01-21,9,100.94,54993.0,55264.0,1304.0
2026-01-21,10,92.95,46556.0,44840.0,-383.0
2026-01-21,11,75.13,49222.0,48505.0,2929.0
2026-01-21,12,89.37,35719.0,36448.0,1216.0
2026-01-21,13,108.73,42918.0,43131.0,402.0
2026-01-21,14,100.66,51693.0,51820.0,-2645.0
2026-01-21,15,88.04,45051.0,43776.0,649.0
2026-01-21,16,96.27,53192.0,52454.0,2831.0
2026-01-21,17,92.22,45376.0,45465.0,1092.0
2026-01-21,18,88.92,51015.0,51555.0,1131.0
2026-01-21,19,82.18,38392.0,36529.0,-458.0
2026-01-21,20,41.67,36011.0,35628.0,97.0
2026-01-21,21,36.72,41994.0,42775.0,1660.0
2026-01-21,22,54.17,46832.0,44993.0,1138.0
2026-01-21,23,49.25,39257.0,38488.0,-1387.0
2026-01-22,0,44.92,41471.0,40565.0,300.0
2026-01-22,1,53.54,48883.0,48481.0,334.0
2026-01-22,2,40.94,42328.0,43592.0,1621.0
2026-01-22,3,48.1,49649.0,51419.0,835.0
2026-01-22,4,59.39,38390.0,39269.0,828.0
2026-01-22,5,47.77,37501.0,36074.0,-2974.0
2026-01-22,6,43.95,44572.0,43761.0,93.0
2026-01-22,7,74.74,44466.0,45640.0,2199.0
2026-01-22,8,91.59,43347.0,41557.0,2990.0
2026-01-22,9,83.25,43008.0,44714.0,1666.0
2026-01-22,10,94.76,47472.0,47835.0,1546.0
2026-01-22,11,98.46,39341.0,40468.0,1264.0
2026-01-22,12,89.58,37289.0,37417.0,-2584.0
2026-01-22,13,101.91,49606.0,50508.0,2363.0
2026-01-22,14,93.65,36976.0,38863.0,-960.0
2026-01-22,15,96.82,49890.0,51630.0,-2651.0
2026-01-22,16,80.99,39106.0,39671.0,-2353.0
2026-01-22,17,86.0,35678.0,33772.0,2655.0
2026-01-22,18,95.62,50628.0,48724.0,164.0
2026-01-22,19,80.53,53450.0,53941.0,164.0
2026-01-22,20,55.35,49788.0,51568.0,-294.0
2026-01-22,21,49.59,52669.0,52332.0,-1019.0
2026-01-22,22,50.6,37644.0,36467.0,1641.0
2026-01-22,23,44.12,40188.0,40229.0,-2794.0
2026-01-23,0,61.47,45874.0,44415.0,1387.0
2026-01-23,1,53.91,39483.0,38478.0,2825.0
2026-01-23,2,29.32,45365.0,46934.0,627.0
2026-01-23,3,66.63,41049.0,40118.0,-1295.0
2026-01-23,4,47.25,53982.0,52637.0,-628.0
2026-01-23,5,45.09,39465.0,40711.0,-425.0
2026-01-23,6,41.42,36269.0,37085.0,-791.0
2026-01-23,7,89.4,47154.0,47820.0,2820.0
2026-01-23,8,86.03,38054.0,36462.0,-2923.0
2026-01-23,9,100.49,52072.0,53512.0,832.0
2026-01-23,10,100.91,37089.0,38000.0,1440.0
2026-01-23,11,93.27,53058.0,54185.0,2919.0
2026-01-23,12,110.23,45949.0,46441.0,1215.0
2026-01-23,13,115.58,51364.0,49802.0,-721.0
2026-01-23,14,83.48,44848.0,45092.0,1437.0
2026-01-23,15,84.75,47079.0,48800.0,-2114.0
2026-01-23,16,89.51,52178.0,53897.0,-2670.0
2026-01-23,17,94.87,49702.0,50228.0,542.0
2026-01-23,18,82.15,50372.0,51959.0,-181.0
2026-01-23,19,85.8,51950.0,51460.0,286.0
2026-01-23,20,42.95,45335.0,46078.0,2686.0
2026-01-23,21,39.93,43443.0,44495.0,313.0
2026-01-23,22,37.4,39680.0,41473.0,1096.0
2026-01-23,23,63.14,43106.0,43867.0,-542.0
2026-01-24,0,34.37,41272.0,42351.0,-2362.0
2026-01-24,1,32.2,50735.0,52115.0,-1216.0
2026-01-24,2,19.96,53820.0,55732.0,783.0
2026-01-24,3,30.62,38695.0,37009.0,-2335.0
2026-01-24,4,34.53,41693.0,39842.0,-2163.0
2026-01-24,5,47.34,44091.0,43523.0,897.0
2026-01-24,6,41.86,45144.0,45362.0,-1416.0
2026-01-24,7,75.49,51416.0,51241.0,-2456.0
2026-01-24,8,77.31,38371.0,38754.0,-1927.0
2026-01-24,9,74.44,43359.0,45262.0,2949.0
2026-01-24,10,81.33,42637.0,43153.0,-1731.0
2026-01-24,11,82.23,37246.0,35321.0,-328.0
2026-01-24,12,77.7,50884.0,52592.0,1357.0
2026-01-24,13,71.35,47114.0,47793.0,200.0
2026-01-24,14,104.52,36038.0,34347.0,-2278.0
2026-01-24,15,66.68,43118.0,41679.0,673.0
2026-01-24,16,67.55,37474.0,36726.0,-2801.0
2026-01-24,17,84.74,49753.0,49924.0,-130.0
2026-01-24,18,80.19,49000.0,47252.0,1902.0
2026-01-24,19,72.84,44524.0,42732.0,1595.0
2026-01-24,20,31.24,49801.0,48236.0,1073.0
2026-01-24,21,44.54,43674.0,41832.0,2685.0
2026-01-24,22,31.37,54486.0,55602.0,-295.0
2026-01-24,23,44.37,51710.0,52374.0,2523.0
2026-01-25,0,34.55,50729.0,50676.0,-1495.0
2026-01-25,1,44.69,44153.0,43069.0,-2309.0
2026-01-25,2,38.57,44380.0,45844.0,1847.0
2026-01-25,3,44.31,49151.0,48910.0,1637.0
2026-01-25,4,44.3,42982.0,44027.0,-2737.0
2026-01-25,5,43.48,40852.0,40945.0,-1700.0
2026-01-25,6,20.78,45297.0,44817.0,-2002.0
2026-01-25,7,70.41,53863.0,54354.0,916.0
2026-01-25,8,79.3,38332.0,39196.0,2952.0
2026-01-25,9,63.45,53653.0,55331.0,-2600.0
2026-01-25,10,79.68,40297.0,42260.0,-1764.0
2026-01-25,11,80.25,49177.0,48349.0,1633.0
2026-01-25,12,84.13,40620.0,41214.0,996.0
2026-01-25,13,73.12,46380.0,45542.0,-2007.0
2026-01-25,14,72.78,47207.0,46280.0,-1431.0
2026-01-25,15,81.55,39330.0,39968.0,475.0
2026-01-25,16,96.5,41878.0,41587.0,1501.0
2026-01-25,17,80.28,35159.0,34609.0,-2344.0
2026-01-25,18,75.66,40492.0,41077.0,-1190.0
2026-01-25,19,75.94,53108.0,54030.0,824.0
2026-01-25,20,33.96,40568.0,42221.0,-2611.0
2026-01-25,21,37.12,54858.0,53989.0,391.0
2026-01-25,22,23.4,54478.0,54374.0,-2808.0
2026-01-25,23,30.68,51497.0,51164.0,-2813.0
2026-01-26,0,52.93,42060.0,40115.0,2398.0
2026-01-26,1,52.2,36704.0,35143.0,-1163.0
2026-01-26,2,53.2,35269.0,36165.0,-2644.0
2026-01-26,3,40.12,45869.0,47801.0,1667.0
2026-01-26,4,63.8,36624.0,35529.0,2191.0
2026-01-26,5,40.21,44236.0,45953.0,2238.0
2026-01-26,6,38.15,39964.0,41026.0,132.0
2026-01-26,7,79.21,48541.0,48866.0,-1723.0
2026-01-26,8,81.43,46867.0,48510.0,-2610.0
2026-01-26,9,85.19,44260.0,43446.0,1476.0
2026-01-26,10,85.48,51203.0,49383.0,-1044.0
2026-01-26,11,86.35,54136.0,54636.0,1989.0
2026-01-26,12,96.99,52371.0,52585.0,-1895.0
2026-01-26,13,94.5,36821.0,37871.0,14.0
2026-01-26,14,90.5,53898.0,55418.0,1727.0
2026-01-26,15,94.56,48678.0,49234.0,-1270.0
2026-01-26,16,93.13,53652.0,52360.0,-1437.0
2026-01-26,17,82.55,39501.0,41254.0,-459.0
2026-01-26,18,92.69,54751.0,54387.0,-980.0
2026-01-26,19,89.44,35700.0,34521.0,-2403.0
2026-01-26,20,52.26,37762.0,36670.0,2238.0
2026-01-26,21,52.39,51845.0,53679.0,2147.0
2026-01-26,22,57.05,51349.0,51167.0,-2032.0
2026-01-26,23,50.31,48117.0,48074.0,-1409.0
2026-01-27,0,47.83,49108.0,50653.0,622.0
2026-01-27,1,51.46,52126.0,52605.0,-2534.0
2026-01-27,2,47.49,35281.0,34366.0,-105.0
2026-01-27,3,50.38,38547.0,39625.0,-1706.0
2026-01-27,4,51.32,39622.0,41590.0,-2515.0
2026-01-27,5,49.99,51095.0,52320.0,303.0
2026-01-27,6,56.76,49429.0,51181.0,764.0
2026-01-27,7,97.25,46996.0,48473.0,2640.0
2026-01-27,8,85.03,54178.0,55594.0,-2483.0
2026-01-27,9,86.59,38278.0,39678.0,-1525.0
2026-01-27,10,94.25,45275.0,44672.0,-527.0
2026-01-27,11,96.71,50318.0,51303.0,-2329.0
2026-01-27,12,102.89,35620.0,37323.0,-2192.0
2026-01-27,13,86.35,38815.0,36961.0,427.0
2026-01-27,14,95.48,42166.0,41812.0,-913.0
2026-01-27,15,100.75,52221.0,51289.0,-2054.0
2026-01-27,16,92.25,48680.0,48590.0,-1141.0
2026-01-27,17,91.28,35197.0,33330.0,2547.0
2026-01-27,18,82.51,48457.0,49077.0,604.0
2026-01-27,19,81.56,41097.0,40711.0,182.0
2026-01-27,20,52.24,36325.0,36014.0,2956.0
2026-01-27,21,34.41,40107.0,38954.0,709.0
2026-01-27,22,50.9,39491.0,41482.0,1754.0
2026-01-27,23,60.8,36630.0,36546.0,-1304.0
2026-01-28,0,57.12,49136.0,48673.0,1521.0
2026-01-28,1,46.95,52452.0,50829.0,1747.0
2026-01-28,2,55.32,41765.0,41895.0,2445.0
2026-01-28,3,54.14,39888.0,41397.0,-431.0
2026-01-28,4,46.73,54104.0,54326.0,-2839.0
2026-01-28,5,42.13,41440.0,40212.0,1948.0
2026-01-28,6,53.04,53562.0,51832.0,-2564.0
2026-01-28,7,89.59,52352.0,51505.0,598.0
2026-01-28,8,102.44,44724.0,44139.0,-1361.0
2026-01-28,9,88.75,45999.0,44267.0,1839.0
2026-01-28,10,89.74,50000.0,49457.0,1379.0
2026-01-28,11,89.31,39012.0,38593.0,1637.0
2026-01-28,12,84.39,45263.0,46393.0,149.0
2026-01-28,13,84.72,36908.0,35554.0,1930.0
2026-01-28,14,111.7,51832.0,52674.0,1952.0
2026-01-28,15,85.04,39928.0,41110.0,834.0
2026-01-28,16,97.49,48038.0,48713.0,2042.0
2026-01-28,17,80.82,48487.0,47763.0,2622.0
2026-01-28,18,86.76,52512.0,50634.0,2437.0
2026-01-28,19,82.88,43673.0,41751.0,-962.0
2026-01-28,20,46.69,52014.0,51593.0,-1231.0
2026-01-28,21,52.84,47064.0,47466.0,-1963.0
2026-01-28,22,46.61,36094.0,36486.0,1656.0
2026-01-28,23,42.71,35578.0,35977.0,1794.0
2026-01-29,0,52.92,54231.0,54216.0,-777.0
2026-01-29,1,39.41,43126.0,41619.0,-795.0
2026-01-29,2,35.12,44830.0,44272.0,692.0
2026-01-29,3,51.03,46300.0,47380.0,-431.0
2026-01-29,4,43.44,36822.0,35208.0,-295.0
2026-01-29,5,45.76,48315.0,49056.0,400.0
2026-01-29,6,46.29,49644.0,50671.0,-2032.0
2026-01-29,7,81.02,36769.0,37060.0,1768.0
2026-01-29,8,96.73,50775.0,49624.0,-2440.0
2026-01-29,9,96.21,50528.0,51991.0,99.0
2026-01-29,10,93.78,41485.0,39708.0,-1627.0
2026-01-29,11,86.97,53214.0,53820.0,1921.0
2026-01-29,12,89.77,45790.0,45569.0,-2186.0
2026-01-29,13,99.56,52786.0,51895.0,1291.0
2026-01-29,14,97.64,54566.0,54346.0,-2465.0
2026-01-29,15,99.95,43851.0,43044.0,-2574.0
2026-01-29,16,93.23,40271.0,40572.0,-1425.0
2026-01-29,17,102.89,48595.0,50530.0,2926.0
2026-01-29,18,85.36,53505.0,55459.0,1859.0
2026-01-29,19,78.52,53401.0,51625.0,2843.0
2026-01-29,20,56.17,38794.0,38639.0,2098.0
2026-01-29,21,53.37,48636.0,49425.0,-2784.0
2026-01-29,22,53.11,36528.0,37362.0,-1560.0
2026-01-29,23,54.43,53690.0,55396.0,-1967.0
2026-01-30,0,42.99,35393.0,37110.0,1176.0
2026-01-30,1,65.5,49814.0,50489.0,1895.0
2026-01-30,2,42.35,39460.0,41152.0,1187.0
2026-01-30,3,38.16,53660.0,51662.0,-2602.0
2026-01-30,4,43.25,40366.0,38941.0,59.0
2026-01-30,5,32.75,49231.0,50986.0,986.0
2026-01-30,6,50.67,37026.0,38343.0,1758.0
2026-01-30,7,101.04,50342.0,50528.0,209.0
2026-01-30,8,84.42,41891.0,43191.0,-1647.0
2026-01-30,9,99.01,51241.0,49905.0,2348.0
2026-01-30,10,96.79,37852.0,38756.0,-2313.0
2026-01-30,11,102.75,35177.0,34879.0,-460.0
2026-01-30,12,83.81,43116.0,44542.0,-97.0
2026-01-30,13,104.83,42706.0,43169.0,-454.0
2026-01-30,14,99.84,39546.0,38402.0,368.0
2026-01-30,15,110.55,39752.0,38384.0,-1994.0
2026-01-30,16,95.49,46549.0,46973.0,-2813.0
2026-01-30,17,88.47,35217.0,35925.0,2648.0
2026-01-30,18,91.88,42421.0,40791.0,-2124.0
2026-01-30,19,76.88,41502.0,43155.0,249.0
2026-01-30,20,55.3,45726.0,45662.0,873.0
2026-01-30,21,50.62,42333.0,41328.0,-1384.0
2026-01-30,22,52.19,39686.0,37905.0,-917.0
2026-01-30,23,47.35,48111.0,46300.0,1655.0
2026-01-31,0,42.46,50559.0,49137.0,-606.0
2026-01-31,1,32.26,49323.0,47412.0,-2147.0
2026-01-31,2,36.02,41484.0,41109.0,2071.0
2026-01-31,3,30.22,36356.0,36057.0,-977.0
2026-01-31,4,36.37,45459.0,46867.0,-656.0
2026-01-31,5,7.48,49111.0,48033.0,-2682.0
2026-01-31,6,24.39,50788.0,51222.0,-1274.0
2026-01-31,7,67.99,41491.0,40725.0,-2449.0
2026-01-31,8,68.59,48568.0,49651.0,-2534.0
2026-01-31,9,84.63,39958.0,40531.0,-1426.0
2026-01-31,10,72.88,43812.0,44376.0,1158.0
2026-01-31,11,87.58,50379.0,52032.0,901.0
2026-01-31,12,88.82,49712.0,50747.0,2685.0
2026-01-31,13,72.8,45238.0,44553.0,2965.0
2026-01-31,14,77.65,35852.0,34346.0,1309.0
2026-01-31,15,79.62,48771.0,47137.0,1142.0
2026-01-31,16,82.14,42667.0,42336.0,2702.0
2026-01-31,17,87.77,43912.0,43334.0,-344.0
2026-01-31,18,68.58,42562.0,41756.0,1977.0
2026-01-31,19,74.92,41011.0,39831.0,278.0
2026-01-31,20,31.75,53434.0,52932.0,-1463.0
2026-01-31,21,34.39,43637.0,43062.0,-271.0
2026-01-31,22,47.65,52933.0,53386.0,141.0
2026-01-31,23,45.96,38229.0,37631.0,245.0
2026-02-01,0,40.95,53535.0,53550.0,2618.0
2026-02-01,1,41.31,46106.0,44541.0,799.0
2026-02-01,2,42.19,40886.0,40225.0,-2435.0
2026-02-01,3,37.27,54994.0,56812.0,-1287.0
2026-02-01,4,34.27,50436.0,49175.0,300.0
2026-02-01,5,46.97,35154.0,34575.0,2330.0
2026-02-01,6,25.99,37998.0,37510.0,-1003.0
2026-02-01,7,68.91,40573.0,41698.0,-2188.0
2026-02-01,8,60.91,44031.0,43359.0,1621.0
2026-02-01,9,84.07,36847.0,35353.0,-2737.0
2026-02-01,10,71.84,46120.0,47468.0,-1059.0
2026-02-01,11,77.34,46897.0,48364.0,-2531.0
2026-02-01,12,94.37,35134.0,36743.0,-1379.0
2026-02-01,13,88.36,52605.0,52540.0,-1281.0
2026-02-01,14,84.92,41753.0,43038.0,-2334.0
2026-02-01,15,85.73,40431.0,39524.0,976.0
2026-02-01,16,82.17,43319.0,43992.0,372.0
2026-02-01,17,73.27,53124.0,53137.0,2362.0
2026-02-01,18,59.23,38446.0,38146.0,-2908.0
2026-02-01,19,56.99,47747.0,46627.0,-1581.0
2026-02-01,20,32.7,44927.0,45380.0,653.0
2026-02-01,21,37.99,54937.0,54905.0,-987.0
2026-02-01,22,45.65,41908.0,43737.0,-440.0
2026-02-01,23,42.53,53226.0,51651.0,1849.0
2026-02-02,0,63.24,46626.0,46443.0,530.0
2026-02-02,1,62.26,48627.0,49116.0,-1745.0
2026-02-02,2,47.4,54527.0,56358.0,581.0
2026-02-02,3,45.29,40805.0,38981.0,-1662.0
2026-02-02,4,49.37,45120.0,44739.0,1869.0
2026-02-02,5,59.16,35381.0,34392.0,1772.0
2026-02-02,6,45.01,49282.0,49831.0,2280.0
2026-02-02,7,92.52,42761.0,44536.0,-1786.0
2026-02-02,8,76.49,51069.0,52232.0,1347.0
2026-02-02,9,94.94,46259.0,45424.0,1123.0
2026-02-02,10,89.96,36709.0,38633.0,2788.0
2026-02-02,11,91.5,54608.0,54817.0,-270.0
2026-02-02,12,92.81,52781.0,51038.0,2477.0
2026-02-02,13,92.15,54797.0,53727.0,-1112.0
2026-02-02,14,91.24,42038.0,43797.0,-2908.0
2026-02-02,15,99.98,42089.0,41713.0,-1508.0
2026-02-02,16,105.8,38902.0,39569.0,2237.0
2026-02-02,17,100.85,35447.0,33766.0,1317.0
2026-02-02,18,88.08,42819.0,42103.0,-699.0
2026-02-02,19,95.23,45101.0,45416.0,-799.0
2026-02-02,20,51.61,50224.0,51584.0,2893.0
2026-02-02,21,52.27,43510.0,44028.0,-61.0
2026-02-02,22,64.02,52315.0,53955.0,-854.0
2026-02-02,23,35.88,48840.0,49431.0,1672.0
2026-02-03,0,50.1,47855.0,49203.0,-2275.0
2026-02-03,1,30.93,36341.0,36996.0,2431.0
2026-02-03,2,41.46,53131.0,52816.0,-1679.0
2026-02-03,3,52.87,50060.0,48536.0,206.0
2026-02-03,4,58.37,40575.0,41532.0,2937.0
2026-02-03,5,50.2,45790.0,45554.0,-1154.0
2026-02-03,6,50.07,49027.0,50876.0,-2058.0
2026-02-03,7,72.43,45575.0,45654.0,766.0
2026-02-03,8,98.98,48045.0,49676.0,-1668.0
2026-02-03,9,85.88,36602.0,35046.0,-2439.0
2026-02-03,10,91.92,50991.0,51595.0,-2419.0
2026-02-03,11,91.12,52172.0,51042.0,899.0
2026-02-03,12,93.29,50230.0,50704.0,48.0
2026-02-03,13,91.3,49110.0,50251.0,1829.0
2026-02-03,14,100.64,41177.0,40118.0,-1004.0
2026-02-03,15,103.29,41002.0,41681.0,2737.0
2026-02-03,16,86.28,54250.0,52457.0,-2641.0
2026-02-03,17,88.89,36930.0,38116.0,-125.0
2026-02-03,18,84.61,45914.0,47085.0,1672.0
2026-02-03,19,91.3,44626.0,43152.0,727.0
2026-02-03,20,51.69,38089.0,38217.0,1631.0
2026-02-03,21,74.87,46304.0,47374.0,-2107.0
2026-02-03,22,54.57,41868.0,40490.0,2200.0
2026-02-03,23,52.73,47202.0,47690.0,101.0
2026-02-04,0,47.78,39479.0,41194.0,78.0
2026-02-04,1,60.7,51897.0,50563.0,-1921.0
2026-02-04,2,44.75,39436.0,39465.0,481.0
2026-02-04,3,52.97,51760.0,50263.0,2161.0
2026-02-04,4,54.55,48741.0,48794.0,-2106.0
2026-02-04,5,42.06,40042.0,39940.0,580.0
2026-02-04,6,49.67,42893.0,44881.0,2262.0
2026-02-04,7,92.89,44809.0,45773.0,-625.0
2026-02-04,8,99.95,46847.0,45986.0,1771.0
2026-02-04,9,79.36,42516.0,40728.0,62.0
2026-02-04,10,85.6,47378.0,47700.0,-2997.0
2026-02-04,11,89.98,51447.0,50713.0,-1241.0
2026-02-04,12,89.66,51216.0,50201.0,1537.0
2026-02-04,13,92.04,37983.0,39290.0,-1580.0
2026-02-04,14,84.79,54462.0,52472.0,-920.0
2026-02-04,15,99.4,43602.0,41763.0,2807.0
2026-02-04,16,87.66,41701.0,42193.0,2724.0
2026-02-04,17,91.12,36918.0,35586.0,-1430.0
2026-02-04,18,77.43,47731.0,47279.0,1031.0
2026-02-04,19,83.78,37870.0,37406.0,-1909.0
2026-02-04,20,40.79,43919.0,42481.0,1548.0
2026-02-04,21,67.17,49194.0,50477.0,954.0
2026-02-04,22,43.27,52312.0,52314.0,-667.0
2026-02-04,23,60.95,47347.0,46755.0,2549.0
2026-02-05,0,56.43,38957.0,38045.0,-1993.0
2026-02-05,1,47.95,50612.0,50742.0,-2474.0
2026-02-05,2,53.87,35820.0,36459.0,-2987.0
2026-02-05,3,61.12,47573.0,47270.0,-2831.0
2026-02-05,4,69.44,38063.0,39525.0,990.0
2026-02-05,5,51.55,37479.0,36388.0,2531.0
2026-02-05,6,49.33,39851.0,38936.0,-1094.0
2026-02-05,7,89.6,43685.0,42410.0,822.0
2026-02-05,8,84.93,52511.0,52218.0,-2800.0
2026-02-05,9,103.98,50446.0,49267.0,88.0
2026-02-05,10,93.48,42524.0,43979.0,-2388.0
2026-02-05,11,100.22,47152.0,45352.0,933.0
2026-02-05,12,100.28,41140.0,39826.0,-1856.0
2026-02-05,13,93.71,45176.0,43809.0,2655.0
2026-02-05,14,87.1,35374.0,36570.0,1359.0
2026-02-05,15,92.69,38780.0,39934.0,1232.0
2026-02-05,16,88.05,40864.0,40679.0,-361.0
2026-02-05,17,91.42,39733.0,38977.0,-1810.0
2026-02-05,18,82.98,41934.0,43755.0,1651.0
2026-02-05,19,91.94,40769.0,40835.0,1686.0
2026-02-05,20,48.53,40814.0,39420.0,-1234.0
2026-02-05,21,65.39,48966.0,48148.0,2387.0
2026-02-05,22,46.47,53320.0,54859.0,-1935.0
2026-02-05,23,62.95,46669.0,47391.0,-2072.0
2026-02-06,0,52.06,54609.0,52749.0,-58.0
2026-02-06,1,58.13,44281.0,43476.0,-1650.0
2026-02-06,2,46.94,42363.0,41632.0,2993.0
2026-02-06,3,51.24,35028.0,34297.0,748.0
2026-02-06,4,53.93,41639.0,42693.0,-1572.0
2026-02-06,5,47.93,49535.0,48030.0,-610.0
2026-02-06,6,61.1,37711.0,39194.0,2777.0
2026-02-06,7,87.16,40191.0,41732.0,-2092.0
2026-02-06,8,84.91,48921.0,48949.0,2835.0
2026-02-06,9,83.62,50733.0,51747.0,1898.0
2026-02-06,10,102.74,53399.0,51546.0,-2873.0
2026-02-06,11,108.1,53343.0,51509.0,445.0
2026-02-06,12,95.84,52880.0,52329.0,1535.0
2026-02-06,13,106.31,54061.0,54254.0,188.0
2026-02-06,14,107.43,53143.0,54377.0,2364.0
2026-02-06,15,99.08,40932.0,42138.0,1238.0
2026-02-06,16,85.3,43604.0,43253.0,-2825.0
2026-02-06,17,105.05,41871.0,40857.0,-2232.0
2026-02-06,18,78.66,52097.0,54042.0,-2812.0
2026-02-06,19,90.82,51260.0,50131.0,417.0
2026-02-06,20,50.78,50615.0,49069.0,2733.0
2026-02-06,21,52.13,36595.0,37674.0,-2689.0
2026-02-06,22,41.02,40543.0,40526.0,1657.0
2026-02-06,23,54.93,36804.0,35930.0,2737.0
2026-02-07,0,42.21,37581.0,38711.0,2579.0
2026-02-07,1,35.52,52532.0,51765.0,415.0
2026-02-07,2,41.37,53517.0,52032.0,-764.0
2026-02-07,3,34.96,54001.0,53093.0,320.0
2026-02-07,4,27.34,54232.0,53865.0,-446.0
2026-02-07,5,40.91,53612.0,52601.0,-1933.0
2026-02-07,6,37.56,53159.0,52723.0,-1928.0
2026-02-07,7,94.03,54244.0,56057.0,-618.0
2026-02-07,8,84.34,51541.0,52468.0,1492.0
2026-02-07,9,72.68,36518.0,34883.0,2903.0
2026-02-07,10,92.9,51451.0,50637.0,2619.0
2026-02-07,11,89.19,39471.0,39215.0,-1980.0
2026-02-07,12,90.96,42170.0,42387.0,-2844.0
2026-02-07,13,82.77,36405.0,36470.0,774.0
2026-02-07,14,78.8,44586.0,43706.0,522.0
2026-02-07,15,87.01,38023.0,39122.0,99.0
2026-02-07,16,77.71,54301.0,54326.0,1440.0
2026-02-07,17,88.39,35374.0,37274.0,1858.0
2026-02-07,18,81.92,43840.0,44136.0,-215.0
2026-02-07,19,77.9,35599.0,36774.0,2212.0
2026-02-07,20,49.77,53710.0,55559.0,-823.0
2026-02-07,21,42.55,50782.0,49151.0,-1786.0
2026-02-07,22,39.7,36953.0,36148.0,2695.0
2026-02-07,23,28.56,35031.0,36057.0,-216.0
2026-02-08,0,36.1,47024.0,45669.0,1621.0
2026-02-08,1,28.9,52330.0,53523.0,2731.0
2026-02-08,2,45.26,45482.0,45324.0,2537.0
2026-02-08,3,16.29,40623.0,38903.0,-124.0
2026-02-08,4,36.9,46960.0,48917.0,-2233.0
2026-02-08,5,31.71,38586.0,38085.0,-1444.0
2026-02-08,6,24.71,40226.0,38864.0,1159.0
2026-02-08,7,66.8,35515.0,34887.0,2901.0
2026-02-08,8,81.28,51531.0,50657.0,2669.0
2026-02-08,9,73.31,44466.0,46260.0,2862.0
2026-02-08,10,80.56,42083.0,40243.0,1362.0
2026-02-08,11,90.5,35167.0,33402.0,-2784.0
2026-02-08,12,94.71,36260.0,36658.0,2348.0
2026-02-08,13,68.46,36308.0,36808.0,-1320.0
2026-02-08,14,68.21,37852.0,36835.0,1173.0
2026-02-08,15,77.25,46144.0,45286.0,-1881.0
2026-02-08,16,94.44,47572.0,47260.0,543.0
2026-02-08,17,65.96,52899.0,52463.0,2975.0
2026-02-08,18,83.7,43028.0,44266.0,-1393.0
2026-02-08,19,61.09,38515.0,36725.0,2724.0
2026-02-08,20,39.41,51907.0,52552.0,2212.0
2026-02-08,21,36.72,42773.0,42330.0,-1780.0
2026-02-08,22,26.32,38443.0,40105.0,-2174.0
2026-02-08,23,53.66,42793.0,41466.0,-2257.0
2026-02-09,0,46.36,43239.0,43484.0,727.0
2026-02-09,1,68.0,50315.0,52172.0,664.0
2026-02-09,2,61.22,41852.0,41768.0,2366.0
2026-02-09,3,53.26,52266.0,53196.0,-436.0
2026-02-09,4,56.48,36834.0,34952.0,-1000.0
2026-02-09,5,50.22,44409.0,44901.0,-1481.0
2026-02-09,6,38.79,40762.0,41450.0,-2023.0
2026-02-09,7,98.92,43807.0,43530.0,-1142.0
2026-02-09,8,92.29,47330.0,47286.0,1023.0
2026-02-09,9,102.33,40269.0,39266.0,-2131.0
2026-02-09,10,93.11,35108.0,36998.0,1934.0
2026-02-09,11,88.9,37129.0,35873.0,-2667.0
2026-02-09,12,105.09,37054.0,37735.0,-552.0
2026-02-09,13,107.83,40979.0,42678.0,-1777.0
2026-02-09,14,91.91,40384.0,40974.0,-440.0
2026-02-09,15,92.88,49634.0,50218.0,-2154.0
2026-02-09,16,91.47,51727.0,50130.0,2818.0
2026-02-09,17,93.14,44132.0,43993.0,-1323.0
2026-02-09,18,77.46,54398.0,55704.0,-2853.0
2026-02-09,19,85.72,48896.0,47345.0,2939.0
2026-02-09,20,27.67,46292.0,48172.0,-2047.0
2026-02-09,21,46.43,39776.0,40594.0,1870.0
2026-02-09,22,41.68,37605.0,38535.0,146.0
2026-02-09,23,42.5,35556.0,37279.0,137.0
2026-02-10,0,44.07,46687.0,45711.0,236.0
2026-02-10,1,64.79,46518.0,47331.0,-732.0
2026-02-10,2,56.61,41596.0,41337.0,1064.0
2026-02-10,3,67.25,42537.0,43056.0,834.0
2026-02-10,4,39.87,47296.0,47401.0,1676.0
2026-02-10,5,54.97,37904.0,36010.0,-432.0
2026-02-10,6,47.14,44541.0,46367.0,2360.0
2026-02-10,7,88.46,36136.0,34348.0,2561.0
2026-02-10,8,90.24,35769.0,36165.0,161.0
2026-02-10,9,102.86,50379.0,50857.0,-2382.0
2026-02-10,10,93.12,35506.0,33879.0,2287.0
2026-02-10,11,105.18,42950.0,42151.0,938.0
2026-02-10,12,91.5,46898.0,46220.0,290.0
2026-02-10,13,103.49,38624.0,39227.0,1479.0
2026-02-10,14,104.88,48030.0,47059.0,1626.0
2026-02-10,15,93.05,47247.0,46191.0,-721.0
2026-02-10,16,109.7,36040.0,34298.0,2826.0
2026-02-10,17,96.45,45780.0,47477.0,-1292.0
2026-02-10,18,92.05,40568.0,42069.0,-1728.0
2026-02-10,19,103.53,43760.0,43705.0,127.0
2026-02-10,20,59.05,53728.0,55271.0,-2851.0
2026-02-10,21,63.31,40180.0,39101.0,575.0
2026-02-10,22,54.13,36500.0,34831.0,-1580.0
2026-02-10,23,51.88,54402.0,53551.0,-1327.0
2026-02-11,0,48.34,51093.0,52111.0,2628.0
2026-02-11,1,55.94,48839.0,48748.0,-769.0
2026-02-11,2,51.7,46529.0,46675.0,132.0
2026-02-11,3,59.08,49339.0,48360.0,1072.0
2026-02-11,4,51.09,50675.0,52192.0,1640.0
2026-02-11,5,60.68,51951.0,51889.0,-2341.0
2026-02-11,6,43.49,44984.0,44302.0,941.0
2026-02-11,7,84.32,37790.0,37825.0,-2786.0
2026-02-11,8,97.18,39689.0,38609.0,1877.0
2026-02-11,9,102.98,50238.0,48663.0,1345.0
2026-02-11,10,95.88,42036.0,42500.0,1432.0
2026-02-11,11,91.98,50086.0,48161.0,1707.0
2026-02-11,12,83.75,45087.0,45262.0,-2925.0
2026-02-11,13,101.5,49661.0,47795.0,-19.0
2026-02-11,14,88.02,41633.0,42386.0,879.0
2026-02-11,15,82.5,41868.0,41433.0,2016.0
2026-02-11,16,90.9,44671.0,45709.0,907.0
2026-02-11,17,74.23,39434.0,39432.0,-467.0
2026-02-11,18,97.52,46175.0,47839.0,321.0
2026-02-11,19,89.81,50028.0,51363.0,729.0
2026-02-11,20,53.21,48786.0,48746.0,-51.0
2026-02-11,21,49.9,36132.0,35329.0,2048.0
2026-02-11,22,47.35,53478.0,54413.0,1596.0
2026-02-11,23,60.55,35090.0,36135.0,-1107.0
2026-02-12,0,40.33,52147.0,52115.0,2076.0
2026-02-12,1,59.04,48901.0,50824.0,-1024.0
2026-02-12,2,48.42,45433.0,47193.0,1968.0
2026-02-12,3,68.45,41747.0,39937.0,617.0
2026-02-12,4,54.72,40993.0,41522.0,869.0
2026-02-12,5,60.18,37715.0,37432.0,-488.0
2026-02-12,6,49.27,51931.0,53926.0,563.0
2026-02-12,7,102.12,48007.0,48186.0,215.0
2026-02-12,8,97.09,42466.0,41333.0,1325.0
2026-02-12,9,96.89,41354.0,42783.0,1812.0
2026-02-12,10,103.65,49293.0,51149.0,-2442.0
2026-02-12,11,92.5,39810.0,41809.0,-2992.0
2026-02-12,12,88.87,52711.0,52206.0,-578.0
2026-02-12,13,103.2,39770.0,40188.0,1658.0
2026-02-12,14,95.94,49240.0,50323.0,518.0
2026-02-12,15,90.72,38979.0,39811.0,-1998.0
2026-02-12,16,95.14,40230.0,39266.0,-159.0
2026-02-12,17,88.98,46800.0,45697.0,698.0
2026-02-12,18,94.73,38699.0,37459.0,-1364.0
2026-02-12,19,94.93,37254.0,38753.0,-786.0
2026-02-12,20,41.04,43383.0,41613.0,-380.0
2026-02-12,21,59.17,48062.0,47885.0,941.0
2026-02-12,22,58.91,39980.0,40282.0,264.0
2026-02-12,23,51.88,47561.0,46583.0,717.0
2026-02-13,0,58.42,44315.0,44704.0,-439.0
2026-02-13,1,61.17,45429.0,44423.0,-1692.0
2026-02-13,2,53.29,40319.0,40239.0,2198.0
2026-02-13,3,52.8,37097.0,37693.0,-1701.0
2026-02-13,4,64.76,49731.0,50263.0,2742.0
2026-02-13,5,59.73,38026.0,39923.0,-385.0
2026-02-13,6,32.44,35061.0,33629.0,-2509.0
2026-02-13,7,89.94,39635.0,41236.0,-16.0
2026-02-13,8,96.16,37773.0,36173.0,-2034.0
2026-02-13,9,97.93,35907.0,37237.0,634.0
2026-02-13,10,110.62,41169.0,42108.0,1715.0
2026-02-13,11,93.77,54923.0,55152.0,2741.0
2026-02-13,12,117.78,47961.0,46847.0,-2993.0
2026-02-13,13,91.11,52782.0,52927.0,161.0
2026-02-13,14,92.97,54085.0,53849.0,-780.0
2026-02-13,15,103.05,54080.0,54072.0,-2020.0
2026-02-13,16,106.36,53774.0,55099.0,1802.0
2026-02-13,17,75.19,54251.0,53291.0,-1828.0
2026-02-13,18,88.38,41064.0,40754.0,958.0
2026-02-13,19,82.26,51392.0,52739.0,-1803.0
2026-02-13,20,43.62,52837.0,53184.0,-1725.0
2026-02-13,21,53.87,48491.0,46947.0,-411.0
2026-02-13,22,48.33,35761.0,37721.0,2327.0
2026-02-13,23,58.98,40765.0,42059.0,-2071.0
2026-02-14,0,39.55,47758.0,46902.0,-275.0
2026-02-14,1,46.29,53944.0,55270.0,1658.0
2026-02-14,2,32.23,35157.0,35416.0,1100.0
2026-02-14,3,36.21,45918.0,43930.0,-1365.0
2026-02-14,4,31.72,39192.0,37292.0,2665.0
2026-02-14,5,37.09,41633.0,42334.0,-2068.0
2026-02-14,6,39.03,49499.0,48871.0,-1829.0
2026-02-14,7,58.22,44809.0,43786.0,2070.0
2026-02-14,8,63.73,43768.0,43638.0,495.0
2026-02-14,9,92.46,37804.0,37114.0,-2446.0
2026-02-14,10,67.53,39917.0,40495.0,-2327.0
2026-02-14,11,78.52,42440.0,43094.0,-2569.0
2026-02-14,12,73.24,50527.0,51172.0,-2620.0
2026-02-14,13,91.07,51391.0,52358.0,1291.0
2026-02-14,14,89.85,41444.0,40570.0,-2495.0
2026-02-14,15,74.73,51130.0,50031.0,397.0
2026-02-14,16,79.43,54765.0,55839.0,2409.0
2026-02-14,17,73.34,49471.0,48426.0,-2547.0
2026-02-14,18,85.93,45851.0,47074.0,1746.0
2026-02-14,19,70.52,42217.0,40860.0,-1165.0
2026-02-14,20,40.0,54088.0,55814.0,-822.0
2026-02-14,21,32.98,47901.0,49703.0,1373.0
2026-02-14,22,35.88,52373.0,51816.0,1140.0
2026-02-14,23,35.15,43221.0,44981.0,-2402.0
2026-02-15,0,43.62,46419.0,44562.0,411.0
2026-02-15,1,37.91,38392.0,38804.0,527.0
2026-02-15,2,35.53,53028.0,54047.0,2250.0
2026-02-15,3,9.5,38691.0,39954.0,-2053.0
2026-02-15,4,22.74,49885.0,48440.0,1055.0
2026-02-15,5,49.51,44541.0,45456.0,-1434.0
2026-02-15,6,43.51,37614.0,38082.0,2215.0
2026-02-15,7,80.53,44743.0,46505.0,-2807.0
2026-02-15,8,63.6,36104.0,36423.0,-1115.0
2026-02-15,9,72.87,38230.0,37768.0,-1596.0
2026-02-15,10,67.55,44800.0,44334.0,1582.0
2026-02-15,11,87.85,42551.0,41081.0,1601.0
2026-02-15,12,76.54,41102.0,42954.0,-403.0
2026-02-15,13,75.35,36291.0,37801.0,-2064.0
2026-02-15,14,84.54,40909.0,41336.0,772.0
2026-02-15,15,72.52,43255.0,42005.0,775.0
2026-02-15,16,69.44,46999.0,48430.0,2911.0
2026-02-15,17,82.69,51607.0,52856.0,-1189.0
2026-02-15,18,80.31,39028.0,40271.0,-2775.0
2026-02-15,19,79.87,35675.0,36425.0,-2154.0
2026-02-15,20,23.87,41313.0,43011.0,-2493.0
2026-02-15,21,46.48,38223.0,37641.0,-329.0
2026-02-15,22,39.75,41764.0,40060.0,1340.0
2026-02-15,23,35.01,43361.0,43688.0,1921.0
2026-02-16,0,59.37,41763.0,42869.0,2989.0
2026-02-16,1,62.99,39661.0,40508.0,1729.0
2026-02-16,2,45.11,38351.0,36999.0,1222.0
2026-02-16,3,42.26,37036.0,37236.0,-1708.0
2026-02-16,4,32.14,48815.0,46971.0,1876.0
2026-02-16,5,55.32,47069.0,46011.0,-1993.0
2026-02-16,6,47.15,46680.0,47600.0,-108.0
2026-02-16,7,94.17,50651.0,49488.0,757.0
2026-02-16,8,90.09,48877.0,49509.0,-753.0
2026-02-16,9,107.17,41588.0,41833.0,-1827.0
2026-02-16,10,90.31,52852.0,52528.0,2205.0
2026-02-16,11,91.66,40932.0,40583.0,-176.0
2026-02-16,12,97.31,46837.0,47478.0,627.0
2026-02-16,13,110.17,54866.0,55482.0,2687.0
2026-02-16,14,92.8,38255.0,39822.0,1950.0
2026-02-16,15,85.34,44943.0,45059.0,-530.0
2026-02-16,16,97.09,46213.0,46746.0,-1384.0
2026-02-16,17,85.81,51007.0,49323.0,1588.0
2026-02-16,18,82.15,36607.0,34818.0,-2452.0
2026-02-16,19,85.18,53900.0,53135.0,1559.0
2026-02-16,20,56.49,52952.0,53229.0,-2896.0
2026-02-16,21,49.93,39600.0,40536.0,491.0
2026-02-16,22,52.82,42977.0,44769.0,700.0
2026-02-16,23,40.71,47250.0,48297.0,2547.0
2026-02-17,0,48.52,35317.0,36077.0,1188.0
2026-02-17,1,44.62,44916.0,44186.0,105.0
2026-02-17,2,52.16,52773.0,53888.0,756.0
2026-02-17,3,55.44,46972.0,48313.0,2375.0
2026-02-17,4,73.56,42996.0,43214.0,-927.0
2026-02-17,5,45.74,42707.0,44219.0,-1349.0
2026-02-17,6,59.33,36916.0,36241.0,-1087.0
2026-02-17,7,92.12,41717.0,39760.0,1331.0
2026-02-17,8,88.09,39568.0,37924.0,-1193.0
2026-02-17,9,87.83,42567.0,44323.0,-1370.0
2026-02-17,10,78.56,40837.0,41710.0,718.0
2026-02-17,11,105.78,49696.0,49614.0,2258.0
2026-02-17,12,102.46,48256.0,47728.0,-832.0
2026-02-17,13,108.67,42875.0,42180.0,2229.0
2026-02-17,14,105.82,49353.0,51134.0,2801.0
2026-02-17,15,107.41,51163.0,51618.0,876.0
2026-02-17,16,101.23,54248.0,52582.0,1079.0
2026-02-17,17,99.14,42411.0,43843.0,2625.0
2026-02-17,18,100.99,37442.0,38042.0,-220.0
2026-02-17,19,77.36,43350.0,41684.0,1153.0
2026-02-17,20,50.34,40836.0,41474.0,-285.0
2026-02-17,21,54.58,51113.0,51434.0,-2446.0
2026-02-17,22,61.4,35533.0,34489.0,2295.0
2026-02-17,23,53.27,47900.0,49836.0,1694.0
2026-02-18,0,45.77,36667.0,38483.0,-914.0
2026-02-18,1,36.81,39986.0,41327.0,131.0
2026-02-18,2,56.39,54368.0,55550.0,2508.0
2026-02-18,3,66.57,46813.0,48021.0,1744.0
2026-02-18,4,62.4,42355.0,40787.0,-516.0
2026-02-18,5,59.06,43902.0,44909.0,1326.0
2026-02-18,6,57.27,51329.0,51713.0,-1611.0
2026-02-18,7,93.5,41462.0,42827.0,1786.0
2026-02-18,8,85.99,44947.0,46017.0,1145.0
2026-02-18,9,90.17,48112.0,49622.0,-748.0
2026-02-18,10,107.16,38857.0,40196.0,2470.0
2026-02-18,11,98.77,42656.0,43577.0,-2633.0
2026-02-18,12,97.94,41100.0,40547.0,554.0
2026-02-18,13,100.63,35186.0,35160.0,-248.0
2026-02-18,14,109.99,35951.0,36338.0,2998.0
2026-02-18,15,89.18,40651.0,40680.0,1281.0
2026-02-18,16,98.17,37315.0,35491.0,-911.0
2026-02-18,17,104.82,48515.0,50389.0,1483.0
2026-02-18,18,97.32,43963.0,43665.0,2994.0
2026-02-18,19,103.88,45550.0,43697.0,-2987.0
2026-02-18,20,56.53,40980.0,39033.0,-395.0
2026-02-18,21,54.48,48940.0,50268.0,-2987.0
2026-02-18,22,59.53,40923.0,40720.0,-2101.0
2026-02-18,23,66.69,51082.0,50634.0,2358.0
2026-02-19,0,52.42,41313.0,39750.0,1828.0
2026-02-19,1,52.34,37849.0,36640.0,2841.0
2026-02-19,2,59.2,45965.0,46122.0,-2482.0
2026-02-19,3,46.72,42501.0,42222.0,-2878.0
2026-02-19,4,58.16,36733.0,38066.0,2580.0
2026-02-19,5,30.22,52915.0,52982.0,1338.0
2026-02-19,6,42.24,49392.0,49753.0,772.0
2026-02-19,7,83.26,38276.0,37954.0,-2623.0
2026-02-19,8,87.67,46734.0,46991.0,2583.0
2026-02-19,9,105.6,47986.0,48776.0,1136.0
2026-02-19,10,96.88,49295.0,51086.0,-131.0
2026-02-19,11,96.98,53081.0,53411.0,475.0
2026-02-19,12,90.99,40868.0,40028.0,-20.0
2026-02-19,13,105.43,47099.0,46531.0,-235.0
2026-02-19,14,99.97,52965.0,52197.0,-2524.0
2026-02-19,15,95.55,39370.0,41210.0,1024.0
2026-02-19,16,92.13,46910.0,47878.0,602.0
2026-02-19,17,91.98,51538.0,50345.0,-1797.0
2026-02-19,18,86.76,54844.0,56672.0,220.0
2026-02-19,19,104.34,54779.0,53003.0,-1592.0
2026-02-19,20,60.56,36738.0,37141.0,1321.0
2026-02-19,21,57.49,35854.0,36584.0,240.0
2026-02-19,22,62.38,37355.0,36835.0,-1943.0
2026-02-19,23,50.9,48933.0,49203.0,-2856.0
2026-02-20,0,47.45,35709.0,35808.0,-991.0
2026-02-20,1,56.35,41258.0,43040.0,2606.0
2026-02-20,2,50.92,52354.0,54130.0,-1789.0
2026-02-20,3,53.96,54968.0,53096.0,1705.0
2026-02-20,4,74.32,50249.0,52160.0,-393.0
2026-02-20,5,64.23,37037.0,36738.0,620.0
2026-02-20,6,41.6,44112.0,42252.0,-2881.0
2026-02-20,7,88.17,42916.0,44306.0,-2788.0
2026-02-20,8,80.16,50407.0,49793.0,2062.0
2026-02-20,9,93.12,50145.0,48679.0,-548.0
2026-02-20,10,100.6,52157.0,51642.0,2910.0
2026-02-20,11,109.69,44608.0,43232.0,-2288.0
2026-02-20,12,102.86,49717.0,50221.0,2324.0
2026-02-20,13,92.27,42414.0,42998.0,1572.0
2026-02-20,14,88.38,49132.0,50825.0,-425.0
2026-02-20,15,100.5,53651.0,52597.0,1826.0
2026-02-20,16,112.31,37925.0,39921.0,2434.0
2026-02-20,17,95.56,42100.0,40777.0,-2450.0
2026-02-20,18,106.61,38835.0,39497.0,-1505.0
2026-02-20,19,76.33,41904.0,40700.0,-2704.0
2026-02-20,20,67.41,45053.0,45718.0,76.0
2026-02-20,21,65.23,36543.0,36487.0,221.0
2026-02-20,22,65.83,46304.0,46487.0,-2645.0
2026-02-20,23,31.09,35392.0,33763.0,-1519.0
2026-02-21,0,38.54,36601.0,35844.0,-1054.0
2026-02-21,1,41.23,42671.0,42397.0,2198.0
2026-02-21,2,31.99,43597.0,45122.0,2250.0
2026-02-21,3,42.66,51280.0,52387.0,-2333.0
2026-02-21,4,36.22,50101.0,49838.0,388.0
2026-02-21,5,45.68,41377.0,42725.0,-866.0
2026-02-21,6,32.45,43930.0,45670.0,-1116.0
2026-02-21,7,68.03,44958.0,44752.0,1475.0
2026-02-21,8,77.72,39076.0,39401.0,-1273.0
2026-02-21,9,80.7,35338.0,33883.0,2514.0
2026-02-21,10,82.5,40373.0,38535.0,-2338.0
2026-02-21,11,85.54,48272.0,50068.0,2563.0
2026-02-21,12,87.15,44526.0,42897.0,1457.0
2026-02-21,13,94.76,45324.0,45606.0,215.0
2026-02-21,14,85.52,37274.0,36151.0,-17.0
2026-02-21,15,93.39,47041.0,46973.0,792.0
2026-02-21,16,74.08,36605.0,36717.0,-207.0
2026-02-21,17,78.76,44338.0,42389.0,-1313.0
2026-02-21,18,97.14,47131.0,48619.0,-1454.0
2026-02-21,19,79.94,49347.0,50986.0,1174.0
2026-02-21,20,35.72,45243.0,45706.0,-364.0
2026-02-21,21,37.18,46442.0,47583.0,1765.0
2026-02-21,22,45.18,49085.0,47806.0,-1213.0
2026-02-21,23,44.39,42048.0,41261.0,2493.0
2026-02-22,0,32.1,41170.0,42677.0,-2890.0
2026-02-22,1,22.44,45850.0,46420.0,-1985.0
2026-02-22,2,38.18,54630.0,54300.0,-1665.0
2026-02-22,3,33.76,35742.0,37210.0,1214.0
2026-02-22,4,48.37,51298.0,52934.0,1772.0
2026-02-22,5,45.04,49121.0,48631.0,-610.0
2026-02-22,6,34.46,40829.0,40868.0,-606.0
2026-02-22,7,72.26,49860.0,50523.0,-2142.0
2026-02-22,8,75.1,38186.0,38123.0,-923.0
2026-02-22,9,77.62,53612.0,52697.0,-355.0
2026-02-22,10,69.91,41278.0,42489.0,2953.0
2026-02-22,11,82.78,40703.0,41501.0,-364.0
2026-02-22,12,89.79,43819.0,42383.0,-1463.0
2026-02-22,13,102.66,41682.0,40085.0,-633.0
2026-02-22,14,97.21,52977.0,54459.0,-105.0
2026-02-22,15,78.55,49103.0,47942.0,-481.0
2026-02-22,16,94.6,51833.0,52260.0,41.0
2026-02-22,17,81.48,38308.0,39913.0,1990.0
2026-02-22,18,82.47,35794.0,37744.0,-2925.0
2026-02-22,19,82.61,49573.0,47743.0,-2910.0
2026-02-22,20,49.95,44459.0,45488.0,2172.0
2026-02-22,21,38.09,35136.0,36817.0,2747.0
2026-02-22,22,52.86,49932.0,49197.0,-2096.0
2026-02-22,23,28.66,40086.0,40672.0,2478.0
2026-02-23,0,55.83,48140.0,46753.0,2201.0
2026-02-23,1,56.37,42753.0,43726.0,-1722.0
2026-02-23,2,38.42,36281.0,35874.0,2064.0
2026-02-23,3,59.0,44371.0,44918.0,1712.0
2026-02-23,4,54.51,53911.0,54057.0,-1389.0
2026-02-23,5,69.1,42885.0,40887.0,1982.0
2026-02-23,6,51.57,46370.0,45250.0,2060.0
2026-02-23,7,83.35,51334.0,53116.0,176.0
2026-02-23,8,87.55,35031.0,36263.0,2766.0
2026-02-23,9,98.67,50691.0,49366.0,1430.0
2026-02-23,10,102.9,41080.0,41137.0,2207.0
2026-02-23,11,92.06,43903.0,43974.0,-2381.0
2026-02-23,12,94.91,37200.0,38912.0,2974.0
2026-02-23,13,95.61,48521.0,48743.0,-2092.0
2026-02-23,14,115.82,50926.0,49325.0,1646.0
2026-02-23,15,104.5,49941.0,51162.0,2207.0
2026-02-23,16,106.18,45686.0,45122.0,-1089.0
2026-02-23,17,92.21,53281.0,54161.0,1402.0
2026-02-23,18,94.58,54502.0,55074.0,677.0
2026-02-23,19,88.16,46642.0,46092.0,-1799.0
2026-02-23,20,48.91,53987.0,52683.0,1612.0
2026-02-23,21,52.82,52727.0,53382.0,195.0
2026-02-23,22,53.35,42310.0,40769.0,2946.0
2026-02-23,23,37.33,52821.0,51443.0,2637.0
2026-02-24,0,57.25,37330.0,38519.0,-1818.0
2026-02-24,1,64.23,52069.0,50931.0,1877.0
2026-02-24,2,61.29,35344.0,36664.0,-871.0
2026-02-24,3,55.43,48440.0,46969.0,-831.0
2026-02-24,4,64.65,49780.0,48142.0,29.0
2026-02-24,5,55.03,36105.0,34795.0,-69.0
2026-02-24,6,54.28,50454.0,51179.0,1081.0
2026-02-24,7,85.36,51063.0,51702.0,1162.0
2026-02-24,8,103.9,49051.0,48970.0,106.0
2026-02-24,9,95.79,41543.0,42606.0,-357.0
2026-02-24,10,104.04,53065.0,53315.0,-2476.0
2026-02-24,11,97.88,44317.0,45590.0,558.0
2026-02-24,12,99.22,45684.0,44710.0,663.0
2026-02-24,13,100.85,49590.0,50400.0,-2284.0
2026-02-24,14,92.16,43046.0,41715.0,1306.0
2026-02-24,15,82.0,45856.0,46456.0,-29.0
2026-02-24,16,103.03,41489.0,42437.0,-2290.0
2026-02-24,17,91.37,44465.0,45136.0,1392.0
2026-02-24,18,84.3,40919.0,39592.0,-236.0
2026-02-24,19,77.44,38569.0,38776.0,1091.0
2026-02-24,20,71.85,36806.0,36051.0,1139.0
2026-02-24,21,59.85,43834.0,45056.0,2978.0
2026-02-24,22,46.96,45553.0,45245.0,2262.0
2026-02-24,23,67.59,43319.0,43572.0,308.0
2026-02-25,0,53.89,39558.0,41352.0,152.0
2026-02-25,1,57.63,46200.0,46451.0,-13.0
2026-02-25,2,45.89,35072.0,33510.0,-1577.0
2026-02-25,3,61.49,40400.0,39094.0,-2751.0
2026-02-25,4,56.6,51183.0,51081.0,1230.0
2026-02-25,5,64.7,39077.0,38020.0,-1664.0
2026-02-25,6,63.35,49460.0,48212.0,-1575.0
2026-02-25,7,92.66,49858.0,50419.0,-1157.0
2026-02-25,8,91.55,44065.0,45618.0,2352.0
2026-02-25,9,87.87,51858.0,51010.0,-549.0
2026-02-25,10,83.61,41974.0,40405.0,1841.0
2026-02-25,11,95.27,41298.0,39996.0,-2514.0
2026-02-25,12,97.04,47053.0,47364.0,718.0
2026-02-25,13,114.55,37761.0,37937.0,-1689.0
2026-02-25,14,100.34,50186.0,50849.0,-499.0
2026-02-25,15,91.33,40478.0,40360.0,1307.0
2026-02-25,16,106.57,43765.0,41952.0,591.0
2026-02-25,17,90.98,35492.0,33830.0,-2958.0
2026-02-25,18,109.99,52538.0,52367.0,-2362.0
2026-02-25,19,88.71,45271.0,44511.0,2887.0
2026-02-25,20,60.27,40757.0,38779.0,2188.0
2026-02-25,21,61.61,45014.0,46615.0,-1177.0
2026-02-25,22,60.1,42973.0,43845.0,1882.0
2026-02-25,23,56.56,50962.0,51252.0,-1795.0
2026-02-26,0,62.57,39090.0,40372.0,-686.0
2026-02-26,1,49.82,37198.0,38409.0,1440.0
2026-02-26,2,69.55,42668.0,42940.0,-2326.0
2026-02-26,3,63.19,45921.0,45949.0,-2063.0
2026-02-26,4,56.15,48812.0,50363.0,2734.0
2026-02-26,5,42.08,53705.0,52826.0,-895.0
2026-02-26,6,52.76,45475.0,45014.0,679.0
2026-02-26,7,109.54,35510.0,37109.0,-1946.0
2026-02-26,8,94.73,48443.0,47071.0,-2986.0
2026-02-26,9,93.37,40815.0,42415.0,2782.0
2026-02-26,10,105.03,40546.0,42440.0,-183.0
2026-02-26,11,83.88,40091.0,41930.0,843.0
2026-02-26,12,100.42,38814.0,37051.0,-231.0
2026-02-26,13,99.35,51603.0,50032.0,1861.0
2026-02-26,14,109.97,54308.0,54868.0,-2867.0
2026-02-26,15,95.35,42289.0,42891.0,2361.0
2026-02-26,16,105.23,41840.0,42844.0,-623.0
2026-02-26,17,91.77,43545.0,44806.0,647.0
2026-02-26,18,80.97,50239.0,50786.0,-1787.0
2026-02-26,19,85.3,47436.0,47216.0,2833.0
2026-02-26,20,55.72,50754.0,49267.0,284.0
2026-02-26,21,64.0,41848.0,42353.0,661.0
2026-02-26,22,56.11,35862.0,35481.0,2307.0
2026-02-26,23,64.06,53078.0,51121.0,-2044.0
2026-02-27,0,56.61,35018.0,36131.0,1132.0
2026-02-27,1,42.88,52971.0,52510.0,-2613.0
2026-02-27,2,49.48,38690.0,36770.0,1849.0
2026-02-27,3,41.47,48573.0,48301.0,2743.0
2026-02-27,4,59.59,43056.0,43078.0,2922.0
2026-02-27,5,46.44,48610.0,47114.0,2837.0
2026-02-27,6,54.39,39635.0,38414.0,2266.0
2026-02-27,7,84.09,53870.0,55775.0,817.0
2026-02-27,8,91.29,52550.0,53849.0,-2441.0
2026-02-27,9,86.54,38558.0,39102.0,-447.0
2026-02-27,10,92.0,51459.0,52405.0,2290.0
2026-02-27,11,96.79,38457.0,38787.0,-1699.0
2026-02-27,12,98.92,39687.0,38034.0,2038.0
2026-02-27,13,99.11,54793.0,56044.0,609.0
2026-02-27,14,109.65,46333.0,45416.0,-256.0
2026-02-27,15,84.51,49047.0,48385.0,-964.0
2026-02-27,16,97.31,52609.0,53354.0,-1183.0
2026-02-27,17,100.26,41761.0,43103.0,-558.0
2026-02-27,18,94.92,38565.0,38034.0,2359.0
2026-02-27,19,98.1,41858.0,40841.0,-1639.0
2026-02-27,20,59.03,43922.0,45498.0,1435.0
2026-02-27,21,60.51,50761.0,51164.0,80.0
2026-02-27,22,66.87,38756.0,38789.0,685.0
2026-02-27,23,65.56,48655.0,47599.0,-1755.0
2026-02-28,0,36.14,42157.0,40802.0,-2646.0
2026-02-28,1,37.82,42022.0,43829.0,-887.0
2026-02-28,2,39.82,50359.0,50456.0,-532.0
2026-02-28,3,32.13,53106.0,54945.0,1999.0
2026-02-28,4,35.38,48911.0,48215.0,-1282.0
2026-02-28,5,36.48,44043.0,46040.0,-2775.0
2026-02-28,6,34.75,52285.0,51010.0,-2755.0
2026-02-28,7,75.11,51854.0,51905.0,-1388.0
2026-02-28,8,76.58,47748.0,47719.0,-2276.0
2026-02-28,9,79.53,52393.0,53468.0,1162.0
2026-02-28,10,84.82,36259.0,35658.0,1863.0
2026-02-28,11,66.42,39950.0,38739.0,650.0
2026-02-28,12,73.7,49686.0,49907.0,189.0
2026-02-28,13,84.56,52445.0,51900.0,-1424.0
2026-02-28,14,85.35,51474.0,50191.0,-1293.0
2026-02-28,15,75.58,49954.0,50405.0,-791.0
2026-02-28,16,88.44,49844.0,50607.0,2413.0
2026-02-28,17,75.83,52891.0,52742.0,-1628.0
2026-02-28,18,91.69,42772.0,42779.0,1546.0
2026-02-28,19,79.52,53117.0,53923.0,1653.0
2026-02-28,20,35.8,47794.0,49757.0,2862.0
2026-02-28,21,39.05,47861.0,46044.0,-1656.0
2026-02-28,22,41.6,46137.0,45779.0,109.0
2026-02-28,23,48.98,43685.0,44214.0,-1985.0
2026-03-01,0,35.16,43560.0,42475.0,-1607.0
2026-03-01,1,32.94,38632.0,37427.0,244.0
2026-03-01,2,42.54,46821.0,46711.0,2919.0
2026-03-01,3,24.79,51571.0,51813.0,-2994.0
2026-03-01,4,43.51,49244.0,51200.0,-455.0
2026-03-01,5,32.2,42962.0,42632.0,-1378.0
2026-03-01,6,36.53,53843.0,54851.0,-2256.0
2026-03-01,7,77.0,51935.0,51135.0,1951.0
2026-03-01,8,91.09,36834.0,38073.0,500.0
2026-03-01,9,87.11,45701.0,47678.0,1274.0
2026-03-01,10,76.71,47804.0,47841.0,-2955.0
2026-03-01,11,82.82,48894.0,49119.0,-617.0
2026-03-01,12,96.84,44496.0,42503.0,-417.0
2026-03-01,13,88.12,53150.0,54847.0,-744.0
2026-03-01,14,90.65,37645.0,36272.0,1121.0
2026-03-01,15,77.78,43867.0,45168.0,2049.0
2026-03-01,16,80.42,43591.0,45007.0,-1784.0
2026-03-01,17,75.53,46652.0,47065.0,-70.0
2026-03-01,18,80.28,46623.0,45304.0,-1236.0
2026-03-01,19,84.02,50156.0,50152.0,522.0
2026-03-01,20,33.25,37663.0,37842.0,-2542.0
2026-03-01,21,51.03,50077.0,52055.0,-895.0
2026-03-01,22,39.81,39530.0,38177.0,2386.0
2026-03-01,23,31.29,54081.0,52450.0,2215.0
2026-03-02,0,65.37,45580.0,45350.0,-139.0
2026-03-02,1,48.15,41565.0,41515.0,428.0
2026-03-02,2,60.32,44876.0,45585.0,796.0
2026-03-02,3,52.17,48479.0,48137.0,244.0
2026-03-02,4,53.67,37931.0,36656.0,-1362.0
2026-03-02,5,62.89,45344.0,44179.0,1086.0
2026-03-02,6,55.34,50920.0,50726.0,2679.0
2026-03-02,7,82.2,50543.0,51201.0,2481.0
2026-03-02,8,103.37,51486.0,52215.0,-443.0
2026-03-02,9,100.93,44198.0,42378.0,-119.0
2026-03-02,10,105.33,45389.0,46988.0,-480.0
2026-03-02,11,103.19,38582.0,37376.0,-1900.0
2026-03-02,12,98.42,42353.0,42982.0,-2787.0
2026-03-02,13,93.65,51681.0,51541.0,-1859.0
2026-03-02,14,89.73,53832.0,54617.0,-1278.0
2026-03-02,15,98.35,41003.0,41999.0,-2780.0
2026-03-02,16,95.72,41771.0,42615.0,-2983.0
2026-03-02,17,95.68,37063.0,35493.0,2973.0
2026-03-02,18,97.09,39918.0,40498.0,-680.0
2026-03-02,19,91.83,50590.0,51235.0,-1798.0
2026-03-02,20,49.15,48247.0,46910.0,1314.0
2026-03-02,21,54.51,35354.0,35324.0,2280.0
2026-03-02,22,53.91,35695.0,35042.0,927.0
2026-03-02,23,51.91,47763.0,47668.0,2261.0
2026-03-03,0,66.31,46684.0,45989.0,2915.0
2026-03-03,1,54.27,36846.0,37609.0,-1583.0
2026-03-03,2,43.46,39380.0,40330.0,-2353.0
2026-03-03,3,46.77,45558.0,45868.0,-440.0
2026-03-03,4,50.43,51413.0,49567.0,1979.0
2026-03-03,5,57.95,51649.0,51251.0,864.0
2026-03-03,6,40.18,51503.0,51066.0,2975.0
2026-03-03,7,96.72,47015.0,45107.0,-726.0
2026-03-03,8,93.19,39583.0,40344.0,-1283.0
2026-03-03,9,98.22,48107.0,48897.0,1895.0
2026-03-03,10,118.2,36466.0,37959.0,-2550.0
2026-03-03,11,101.07,37245.0,39086.0,-2716.0
2026-03-03,12,101.72,51695.0,53062.0,-1641.0
2026-03-03,13,93.81,48264.0,46685.0,-491.0
2026-03-03,14,92.56,53169.0,52730.0,1445.0
2026-03-03,15,96.16,39648.0,40140.0,-2125.0
2026-03-03,16,106.09,42913.0,43430.0,-1937.0
2026-03-03,17,102.1,53163.0,53926.0,-1729.0
2026-03-03,18,100.85,44017.0,45551.0,-84.0
2026-03-03,19,86.64,47006.0,48829.0,-2962.0
2026-03-03,20,48.57,41666.0,43472.0,-1469.0
2026-03-03,21,41.14,53960.0,55145.0,2690.0
2026-03-03,22,72.24,38047.0,36402.0,2906.0
2026-03-03,23,50.8,53890.0,54510.0,2182.0
2026-03-04,0,58.75,48345.0,47443.0,-2169.0
2026-03-04,1,57.2,39057.0,37843.0,2010.0
2026-03-04,2,54.41,42014.0,40649.0,2690.0
2026-03-04,3,56.79,53837.0,54433.0,-1404.0
2026-03-04,4,48.95,43088.0,42798.0,-21.0
2026-03-04,5,65.54,47494.0,46645.0,2672.0
2026-03-04,6,60.14,39736.0,40801.0,1156.0
2026-03-04,7,88.52,51881.0,50838.0,2947.0
2026-03-04,8,97.27,40533.0,42071.0,-2846.0
2026-03-04,9,100.84,46888.0,46494.0,2181.0
2026-03-04,10,99.55,51210.0,51957.0,775.0
2026-03-04,11,96.28,42052.0,43889.0,974.0
2026-03-04,12,111.01,49002.0,50447.0,293.0
2026-03-04,13,113.96,37456.0,39176.0,1644.0
2026-03-04,14,94.4,49301.0,48280.0,-2283.0
2026-03-04,15,111.48,40734.0,39762.0,1631.0
2026-03-04,16,99.08,49534.0,50919.0,2468.0
2026-03-04,17,107.19,37154.0,35787.0,2643.0
2026-03-04,18,79.17,35531.0,35242.0,921.0
2026-03-04,19,90.6,49814.0,50033.0,755.0
2026-03-04,20,54.3,51285.0,51469.0,-2359.0
2026-03-04,21,56.27,48539.0,48820.0,2654.0
2026-03-04,22,57.03,44133.0,42477.0,161.0
2026-03-04,23,52.95,53510.0,52886.0,-65.0
2026-03-05,0,71.14,38962.0,39526.0,1651.0
2026-03-05,1,50.03,43829.0,42739.0,12.0
2026-03-05,2,60.19,45734.0,46729.0,2601.0
2026-03-05,3,37.49,40970.0,40875.0,-1780.0
2026-03-05,4,64.27,47718.0,46054.0,2954.0
2026-03-05,5,62.37,43286.0,44721.0,2989.0
2026-03-05,6,61.3,50046.0,49375.0,898.0
2026-03-05,7,89.62,40209.0,40009.0,788.0
2026-03-05,8,101.12,49083.0,49562.0,-839.0
2026-03-05,9,97.96,51747.0,50806.0,1994.0
2026-03-05,10,102.02,37023.0,38059.0,-977.0
2026-03-05,11,100.71,44433.0,45820.0,2097.0
2026-03-05,12,115.51,51101.0,50796.0,1784.0
2026-03-05,13,100.55,35011.0,33443.0,478.0
2026-03-05,14,96.14,38073.0,36104.0,257.0
2026-03-05,15,106.78,38251.0,36862.0,-2560.0
2026-03-05,16,93.29,46791.0,44993.0,-123.0
2026-03-05,17,104.95,53326.0,52973.0,-2522.0
2026-03-05,18,89.21,54240.0,55448.0,1512.0
2026-03-05,19,94.03,50881.0,51612.0,-449.0
2026-03-05,20,55.24,44916.0,45920.0,2757.0
2026-03-05,21,57.03,53774.0,52300.0,-2777.0
2026-03-05,22,67.62,46271.0,45194.0,-2832.0
2026-03-05,23,58.55,41706.0,42752.0,56.0
2026-03-06,0,55.87,49344.0,48706.0,2161.0
2026-03-06,1,44.65,38747.0,40228.0,141.0
2026-03-06,2,58.33,47495.0,46627.0,-1428.0
2026-03-06,3,71.77,47430.0,48159.0,1938.0
2026-03-06,4,58.79,35748.0,35333.0,-1952.0
2026-03-06,5,48.78,39238.0,40093.0,1866.0
2026-03-06,6,62.01,45620.0,45426.0,-804.0
2026-03-06,7,89.4,46906.0,45416.0,-2143.0
2026-03-06,8,94.05,40753.0,40787.0,-1567.0
2026-03-06,9,102.89,36544.0,36490.0,2537.0
2026-03-06,10,100.0,42688.0,44496.0,-1541.0
2026-03-06,11,115.67,49240.0,48117.0,-871.0
2026-03-06,12,94.12,38850.0,38002.0,2230.0
2026-03-06,13,89.4,37386.0,38933.0,2264.0
2026-03-06,14,108.16,42742.0,42884.0,579.0
2026-03-06,15,86.54,40605.0,38710.0,-565.0
2026-03-06,16,108.83,50621.0,52047.0,142.0
2026-03-06,17,104.16,48200.0,49689.0,-1109.0
2026-03-06,18,75.5,40873.0,42840.0,2985.0
2026-03-06,19,96.24,43038.0,44575.0,-1074.0
2026-03-06,20,52.68,48993.0,48507.0,1406.0
2026-03-06,21,51.7,50793.0,51442.0,-2581.0
2026-03-06,22,54.09,44839.0,43507.0,-1833.0
2026-03-06,23,66.09,36154.0,37512.0,1200.0
2026-03-07,0,51.17,52957.0,52382.0,2910.0
2026-03-07,1,47.88,41783.0,42887.0,-2912.0
2026-03-07,2,47.76,52220.0,51351.0,-1452.0
2026-03-07,3,42.77,35826.0,36694.0,-2617.0
2026-03-07,4,30.84,52262.0,53576.0,2033.0
2026-03-07,5,38.08,43726.0,42524.0,-2152.0
2026-03-07,6,41.64,37041.0,37434.0,2058.0
2026-03-07,7,71.85,52065.0,51653.0,-740.0
2026-03-07,8,92.72,35685.0,34604.0,-2903.0
2026-03-07,9,91.26,44914.0,45239.0,2595.0
2026-03-07,10,86.8,47231.0,46669.0,204.0
2026-03-07,11,83.2,37767.0,37650.0,713.0
2026-03-07,12,76.68,44167.0,43679.0,-14.0
2026-03-07,13,90.46,54264.0,53466.0,-1758.0
2026-03-07,14,82.68,40431.0,40080.0,-1008.0
2026-03-07,15,89.17,39553.0,38876.0,782.0
2026-03-07,16,88.13,53494.0,55137.0,51.0
2026-03-07,17,82.08,39972.0,40544.0,2276.0
2026-03-07,18,79.85,36834.0,35359.0,-1103.0
2026-03-07,19,76.81,50185.0,50993.0,536.0
2026-03-07,20,45.32,38688.0,37420.0,2506.0
2026-03-07,21,37.67,52704.0,50765.0,2903.0
2026-03-07,22,34.99,52541.0,52559.0,325.0
2026-03-07,23,45.88,49525.0,49731.0,-1589.0
2026-03-08,0,35.68,49995.0,48000.0,-592.0
2026-03-08,1,32.73,43275.0,44799.0,-176.0
2026-03-08,2,50.04,39314.0,40124.0,1905.0
2026-03-08,3,42.62,50683.0,48735.0,-192.0
2026-03-08,4,40.08,38047.0,38367.0,199.0
2026-03-08,5,48.73,48052.0,49550.0,-1307.0
2026-03-08,6,42.8,52751.0,50764.0,-2042.0
2026-03-08,7,79.61,37022.0,36676.0,-534.0
2026-03-08,8,69.74,47409.0,49195.0,-636.0
2026-03-08,9,90.39,49979.0,50573.0,-2623.0
2026-03-08,10,86.55,52375.0,53109.0,-215.0
2026-03-08,11,95.64,40648.0,42167.0,-1025.0
2026-03-08,12,75.36,52361.0,53873.0,-1150.0
2026-03-08,13,86.33,42201.0,40900.0,-330.0
2026-03-08,14,78.53,50967.0,51404.0,-2350.0
2026-03-08,15,97.96,38421.0,39147.0,-1672.0
2026-03-08,16,96.1,52169.0,50716.0,1357.0
2026-03-08,17,82.92,52008.0,53684.0,2463.0
2026-03-08,18,96.49,47167.0,46841.0,-2977.0
2026-03-08,19,77.79,48760.0,47404.0,-994.0
2026-03-08,20,35.58,52568.0,52317.0,2005.0
2026-03-08,21,49.44,49840.0,49151.0,1145.0
2026-03-08,22,56.49,45935.0,46843.0,2201.0
2026-03-08,23,39.9,39911.0,40606.0,622.0
2026-03-09,0,62.55,44452.0,42853.0,2472.0
2026-03-09,1,56.12,45364.0,44495.0,-2154.0
2026-03-09,2,57.05,44869.0,44492.0,2120.0
2026-03-09,3,62.1,35986.0,34638.0,-2215.0
2026-03-09,4,44.21,54855.0,56250.0,-766.0
2026-03-09,5,59.56,36898.0,35706.0,655.0
2026-03-09,6,53.34,49834.0,51564.0,-1609.0
2026-03-09,7,93.97,35880.0,35493.0,-836.0
2026-03-09,8,101.49,51265.0,51990.0,1553.0
2026-03-09,9,104.31,39851.0,41585.0,2897.0
2026-03-09,10,101.25,50848.0,49281.0,-2748.0
2026-03-09,11,94.28,41228.0,42691.0,1109.0
2026-03-09,12,106.66,48704.0,47345.0,-831.0
2026-03-09,13,104.66,54004.0,53621.0,-1191.0
2026-03-09,14,108.87,49363.0,49791.0,2640.0
2026-03-09,15,108.77,53325.0,54676.0,1153.0
2026-03-09,16,98.12,54117.0,54393.0,-2361.0
2026-03-09,17,75.37,51190.0,51107.0,-2048.0
2026-03-09,18,101.27,43449.0,45235.0,2969.0
2026-03-09,19,95.46,47986.0,46374.0,2723.0
2026-03-09,20,46.26,48220.0,46463.0,-329.0
2026-03-09,21,69.82,35424.0,36875.0,-2765.0
2026-03-09,22,69.97,38055.0,36171.0,-2076.0
2026-03-09,23,59.99,41285.0,41205.0,-1711.0
2026-03-10,0,55.03,53372.0,54041.0,1155.0
2026-03-10,1,50.24,38550.0,40473.0,1464.0
2026-03-10,2,63.56,46093.0,44295.0,1985.0
2026-03-10,3,54.9,50115.0,51014.0,412.0
2026-03-10,4,54.83,39292.0,40540.0,2569.0
2026-03-10,5,52.3,44786.0,46657.0,298.0
2026-03-10,6,54.28,47899.0,48176.0,-2865.0
2026-03-10,7,77.34,48122.0,49954.0,236.0
2026-03-10,8,102.7,47556.0,48025.0,520.0
2026-03-10,9,90.95,47116.0,45493.0,-2678.0
2026-03-10,10,97.36,38938.0,38604.0,2309.0
2026-03-10,11,97.73,45896.0,46039.0,900.0
2026-03-10,12,111.24,40580.0,39341.0,1860.0
2026-03-10,13,127.19,43236.0,42759.0,-1504.0
2026-03-10,14,97.98,39578.0,41337.0,-1411.0
2026-03-10,15,101.03,52777.0,54258.0,1565.0
2026-03-10,16,100.12,46490.0,45710.0,1615.0
2026-03-10,17,90.53,44784.0,45497.0,-2010.0
2026-03-10,18,103.35,42879.0,42373.0,-150.0
2026-03-10,19,97.06,53220.0,53888.0,179.0
2026-03-10,20,77.53,46116.0,47161.0,-2049.0
2026-03-10,21,61.69,53266.0,51551.0,-2774.0
2026-03-10,22,51.17,45666.0,46321.0,-249.0
2026-03-10,23,48.57,37019.0,38079.0,-989.0
2026-03-11,0,42.25,36382.0,37824.0,-200.0
2026-03-11,1,55.16,37292.0,36172.0,2596.0
2026-03-11,2,54.61,54746.0,55234.0,1845.0
2026-03-11,3,57.16,46847.0,46866.0,-2877.0
2026-03-11,4,56.31,41046.0,41841.0,-56.0
2026-03-11,5,58.19,44194.0,44401.0,-753.0
2026-03-11,6,62.36,44900.0,46310.0,-1224.0
2026-03-11,7,95.62,42591.0,44335.0,-1762.0
2026-03-11,8,96.67,51533.0,49710.0,-537.0
2026-03-11,9,97.59,46380.0,46560.0,1153.0
2026-03-11,10,113.51,42761.0,40886.0,2058.0
2026-03-11,11,98.52,36301.0,37118.0,2671.0
2026-03-11,12,105.27,50324.0,49582.0,-1662.0
2026-03-11,13,87.64,47500.0,48302.0,327.0
2026-03-11,14,90.65,53353.0,54129.0,-2332.0
2026-03-11,15,94.76,35173.0,35859.0,-2361.0
2026-03-11,16,77.36,35480.0,34012.0,-1496.0
2026-03-11,17,96.41,42445.0,43915.0,812.0
2026-03-11,18,93.72,36702.0,36697.0,2362.0
2026-03-11,19,91.24,37898.0,39249.0,2415.0
2026-03-11,20,61.46,53244.0,51770.0,-557.0
2026-03-11,21,59.72,48785.0,50287.0,-2825.0
2026-03-11,22,59.96,37825.0,38035.0,1911.0
2026-03-11,23,68.11,35605.0,34553.0,-833.0
2026-03-12,0,69.67,44941.0,43735.0,-226.0
2026-03-12,1,64.79,43695.0,45382.0,-1623.0
2026-03-12,2,52.61,39475.0,38561.0,-553.0
2026-03-12,3,68.99,36446.0,36115.0,2916.0
2026-03-12,4,56.59,49566.0,51188.0,235.0
2026-03-12,5,50.07,43863.0,43959.0,-2193.0
2026-03-12,6,56.88,39274.0,37927.0,-2381.0
2026-03-12,7,95.91,42017.0,42565.0,-335.0
2026-03-12,8,91.24,35634.0,36849.0,-1997.0
2026-03-12,9,108.45,51594.0,51199.0,-1083.0
2026-03-12,10,96.03,41665.0,43321.0,-1714.0
2026-03-12,11,98.39,53907.0,55764.0,1837.0
2026-03-12,12,102.21,53973.0,54951.0,-1078.0
2026-03-12,13,87.1,40428.0,38994.0,1514.0
2026-03-12,14,100.21,49677.0,50137.0,-1038.0
2026-03-12,15,95.83,44508.0,46348.0,-2276.0
2026-03-12,16,112.41,38355.0,37700.0,-2884.0
2026-03-12,17,96.71,51158.0,52640.0,1362.0
2026-03-12,18,91.42,45862.0,43874.0,-1900.0
2026-03-12,19,89.79,53282.0,55022.0,702.0
2026-03-12,20,60.31,52982.0,51432.0,643.0
2026-03-12,21,65.37,43520.0,41568.0,-1688.0
2026-03-12,22,54.5,53372.0,55202.0,2033.0
2026-03-12,23,77.65,48777.0,46992.0,-634.0
2026-03-13,0,53.66,51506.0,51240.0,-1702.0
2026-03-13,1,50.5,52581.0,52416.0,2944.0
2026-03-13,2,58.87,48822.0,49990.0,-898.0
2026-03-13,3,55.87,46095.0,46471.0,-1938.0
2026-03-13,4,60.86,37807.0,36336.0,-492.0
2026-03-13,5,59.72,42712.0,43747.0,492.0
2026-03-13,6,67.95,49401.0,47635.0,-1797.0
2026-03-13,7,99.76,35317.0,36016.0,1536.0
2026-03-13,8,107.25,39471.0,39104.0,120.0
2026-03-13,9,105.12,36772.0,35100.0,2125.0
2026-03-13,10,107.79,35748.0,35006.0,-865.0
2026-03-13,11,106.94,43428.0,41902.0,1615.0
2026-03-13,12,107.95,41091.0,41139.0,-995.0
2026-03-13,13,105.85,54316.0,52549.0,-2228.0
2026-03-13,14,94.79,39593.0,40341.0,-1104.0
2026-03-13,15,98.39,54585.0,55248.0,652.0
2026-03-13,16,105.3,48827.0,49010.0,-1012.0
2026-03-13,17,97.03,35838.0,36534.0,1313.0
2026-03-13,18,93.41,41518.0,42790.0,-2576.0
2026-03-13,19,96.66,50559.0,50637.0,-2359.0
2026-03-13,20,57.25,54392.0,54928.0,1985.0
2026-03-13,21,52.96,50431.0,49324.0,-2389.0
2026-03-13,22,56.03,43881.0,42275.0,-1536.0
2026-03-13,23,60.3,44174.0,42929.0,-2529.0
2026-03-14,0,36.3,53457.0,53224.0,1596.0
2026-03-14,1,51.18,42134.0,41261.0,1590.0
2026-03-14,2,27.8,50801.0,50202.0,2762.0
2026-03-14,3,43.33,35683.0,35922.0,2304.0
2026-03-14,4,40.76,49739.0,48379.0,-1579.0
2026-03-14,5,36.72,36603.0,36551.0,-2433.0
2026-03-14,6,34.89,35043.0,34027.0,1292.0
2026-03-14,7,87.38,43509.0,44399.0,-1084.0
2026-03-14,8,81.12,35261.0,35233.0,237.0
2026-03-14,9,83.53,36869.0,38407.0,1344.0
2026-03-14,10,93.72,36985.0,35137.0,-1370.0
2026-03-14,11,84.15,51027.0,52664.0,-1163.0
2026-03-14,12,93.48,38875.0,38763.0,1936.0
2026-03-14,13,85.99,54437.0,53538.0,1926.0
2026-03-14,14,81.4,37287.0,36973.0,-1558.0
2026-03-14,15,90.96,47406.0,48868.0,-1649.0
2026-03-14,16,79.43,36454.0,38053.0,-413.0
2026-03-14,17,97.41,54083.0,54636.0,-2397.0
2026-03-14,18,81.06,43249.0,42338.0,-1667.0
2026-03-14,19,91.88,54551.0,53935.0,-619.0
2026-03-14,20,40.15,45228.0,43900.0,-2362.0
2026-03-14,21,46.2,36866.0,38367.0,2407.0
2026-03-14,22,35.61,35826.0,35810.0,-2298.0
2026-03-14,23,44.54,48036.0,47664.0,-2771.0
2026-03-15,0,52.35,44162.0,46076.0,427.0
2026-03-15,1,46.52,35143.0,36242.0,2007.0
2026-03-15,2,43.5,35160.0,35655.0,-1725.0
2026-03-15,3,37.77,37487.0,37018.0,2895.0
2026-03-15,4,35.89,42266.0,41732.0,-89.0
2026-03-15,5,34.87,36384.0,36484.0,374.0
2026-03-15,6,49.11,52581.0,50734.0,-2544.0
2026-03-15,7,92.43,53899.0,52991.0,2006.0
2026-03-15,8,74.4,36110.0,37850.0,-2160.0
2026-03-15,9,87.92,52274.0,52044.0,2240.0
2026-03-15,10,80.99,52423.0,50965.0,-1150.0
2026-03-15,11,79.77,54446.0,53240.0,-2211.0
2026-03-15,12,71.44,42523.0,42713.0,1215.0
2026-03-15,13,85.14,49298.0,47577.0,-1711.0
2026-03-15,14,81.09,45550.0,43839.0,-2487.0
2026-03-15,15,91.34,38331.0,39565.0,-1990.0
2026-03-15,16,90.7,44173.0,42652.0,2443.0
2026-03-15,17,78.87,49966.0,51172.0,-473.0
2026-03-15,18,81.76,49346.0,47983.0,-1754.0
2026-03-15,19,71.91,54042.0,55409.0,152.0
2026-03-15,20,50.46,50438.0,51758.0,1976.0
2026-03-15,21,50.5,44362.0,45194.0,795.0
2026-03-15,22,23.93,53638.0,54232.0,1405.0
2026-03-15,23,30.7,50240.0,48827.0,2619.0
2026-03-16,0,45.21,43651.0,44693.0,435.0
2026-03-16,1,61.99,49462.0,49212.0,2440.0
2026-03-16,2,64.0,48016.0,46562.0,1522.0
2026-03-16,3,50.1,44250.0,45617.0,1518.0
2026-03-16,4,59.32,51722.0,52580.0,-39.0
2026-03-16,5,49.35,50368.0,48383.0,1596.0
2026-03-16,6,46.5,51615.0,51645.0,-1255.0
2026-03-16,7,94.16,43070.0,41472.0,-980.0
2026-03-16,8,105.85,43135.0,42763.0,-1140.0
2026-03-16,9,94.6,39641.0,38246.0,-2269.0
2026-03-16,10,103.59,39787.0,41381.0,388.0
2026-03-16,11,97.41,46263.0,48136.0,2454.0
2026-03-16,12,101.36,37283.0,38945.0,-2849.0
2026-03-16,13,96.27,37291.0,37707.0,1121.0
2026-03-16,14,95.58,54723.0,54370.0,-1383.0
2026-03-16,15,100.47,54332.0,54935.0,1791.0
2026-03-16,16,104.86,51283.0,50436.0,2238.0
2026-03-16,17,109.25,51859.0,52027.0,1975.0
2026-03-16,18,93.43,48764.0,50526.0,1764.0
2026-03-16,19,86.19,35471.0,36661.0,-1245.0
2026-03-16,20,50.69,53151.0,53097.0,-2456.0
2026-03-16,21,63.32,43055.0,42713.0,-2629.0
2026-03-16,22,66.84,41469.0,41072.0,1214.0
2026-03-16,23,66.94,47987.0,49129.0,1739.0
2026-03-17,0,69.29,36341.0,36909.0,169.0
2026-03-17,1,59.92,42242.0,43055.0,2451.0
2026-03-17,2,69.24,41333.0,42584.0,2699.0
2026-03-17,3,61.58,42313.0,42440.0,-1110.0
2026-03-17,4,53.43,45970.0,47372.0,-551.0
2026-03-17,5,43.63,51715.0,53326.0,-1967.0
2026-03-17,6,76.62,40235.0,39518.0,372.0
2026-03-17,7,80.26,51386.0,52652.0,1289.0
2026-03-17,8,97.87,49838.0,49623.0,-1996.0
2026-03-17,9,111.11,41885.0,40405.0,183.0
2026-03-17,10,98.06,35501.0,37471.0,-1879.0
2026-03-17,11,90.19,43260.0,44536.0,-258.0
2026-03-17,12,98.96,47043.0,47648.0,-731.0
2026-03-17,13,107.76,53428.0,54429.0,790.0
2026-03-17,14,103.86,47350.0,45837.0,1631.0
2026-03-17,15,107.72,52835.0,52622.0,2773.0
2026-03-17,16,100.53,37806.0,38408.0,638.0
2026-03-17,17,100.88,48173.0,47543.0,312.0
2026-03-17,18,94.09,38348.0,37098.0,2408.0
2026-03-17,19,88.01,37412.0,37367.0,2815.0
2026-03-17,20,45.4,44038.0,44887.0,1093.0
2026-03-17,21,60.62,46720.0,44925.0,2946.0
2026-03-17,22,53.82,51308.0,51816.0,-2795.0
2026-03-17,23,68.82,45214.0,46352.0,-1439.0
2026-03-18,0,54.75,42157.0,41440.0,-138.0
2026-03-18,1,74.2,41601.0,41079.0,-73.0
2026-03-18,2,35.87,44211.0,43182.0,217.0
2026-03-18,3,57.74,45310.0,44154.0,1181.0
2026-03-18,4,45.44,45587.0,43671.0,-1164.0
2026-03-18,5,46.98,51183.0,51554.0,87.0
2026-03-18,6,54.19,45616.0,44422.0,-1106.0
2026-03-18,7,112.44,48681.0,48759.0,1470.0
2026-03-18,8,94.68,41426.0,42324.0,768.0
2026-03-18,9,111.89,39622.0,37934.0,769.0
2026-03-18,10,100.82,54184.0,54362.0,2013.0
2026-03-18,11,88.49,47432.0,48828.0,756.0
2026-03-18,12,99.28,51948.0,51314.0,1612.0
2026-03-18,13,99.49,45202.0,44549.0,812.0
2026-03-18,14,80.57,50843.0,52564.0,-2826.0
2026-03-18,15,93.63,50883.0,50937.0,1203.0
2026-03-18,16,107.42,41793.0,42532.0,2527.0
2026-03-18,17,97.47,46708.0,46930.0,2586.0
2026-03-18,18,97.87,46635.0,46237.0,2089.0
2026-03-18,19,88.58,49802.0,48826.0,2373.0
2026-03-18,20,45.3,54482.0,53817.0,-2163.0
2026-03-18,21,63.3,35416.0,35827.0,-973.0
2026-03-18,22,68.01,35515.0,34158.0,2013.0
2026-03-18,23,69.03,40298.0,40746.0,-2731.0
2026-03-19,0,71.81,44832.0,45739.0,-318.0
2026-03-19,1,63.17,37684.0,37755.0,-2832.0
2026-03-19,2,63.7,48888.0,47770.0,1324.0
2026-03-19,3,59.44,51787.0,50114.0,-372.0
2026-03-19,4,53.82,38352.0,39226.0,-2679.0
2026-03-19,5,44.35,51949.0,53250.0,-99.0
2026-03-19,6,63.32,37631.0,35917.0,2235.0
2026-03-19,7,100.13,45104.0,46813.0,-2723.0
2026-03-19,8,102.79,50023.0,51377.0,2065.0
2026-03-19,9,92.49,41801.0,40030.0,-1064.0
2026-03-19,10,96.02,41992.0,41724.0,1564.0
2026-03-19,11,99.9,42761.0,41270.0,712.0
2026-03-19,12,104.8,45007.0,43608.0,350.0
2026-03-19,13,88.06,36505.0,37399.0,749.0
2026-03-19,14,99.83,53736.0,53062.0,-970.0
2026-03-19,15,96.64,44200.0,45502.0,-2710.0
2026-03-19,16,108.3,43312.0,44059.0,2642.0
2026-03-19,17,97.9,52564.0,51900.0,868.0
2026-03-19,18,104.99,47649.0,47707.0,-2632.0
2026-03-19,19,86.99,46718.0,46496.0,1799.0
2026-03-19,20,68.71,45182.0,45869.0,-1900.0
2026-03-19,21,53.95,47536.0,49222.0,-1328.0
2026-03-19,22,51.8,48095.0,49675.0,-1493.0
2026-03-19,23,39.81,48579.0,49863.0,-678.0
2026-03-20,0,57.57,38189.0,38684.0,-2166.0
2026-03-20,1,46.1,38589.0,38476.0,-2711.0
2026-03-20,2,48.8,38792.0,37957.0,131.0
2026-03-20,3,56.21,39990.0,38244.0,-2492.0
2026-03-20,4,61.85,52489.0,51870.0,-1709.0
2026-03-20,5,64.23,43272.0,44969.0,-1169.0
2026-03-20,6,57.47,52095.0,53406.0,1078.0
2026-03-20,7,87.83,40647.0,39568.0,2896.0
2026-03-20,8,98.03,42302.0,43348.0,1620.0
2026-03-20,9,103.65,49476.0,47792.0,984.0
2026-03-20,10,104.57,52088.0,53281.0,1273.0
2026-03-20,11,96.35,35252.0,34594.0,1383.0
2026-03-20,12,90.45,52334.0,51254.0,1184.0
2026-03-20,13,104.67,38133.0,40100.0,1516.0
2026-03-20,14,101.11,45165.0,46765.0,378.0
2026-03-20,15,108.67,35849.0,37328.0,-2576.0
2026-03-20,16,91.31,53460.0,53071.0,-2946.0
2026-03-20,17,100.81,42020.0,40897.0,1827.0
2026-03-20,18,96.11,53974.0,55546.0,-1219.0
2026-03-20,19,108.07,47812.0,46180.0,1080.0
2026-03-20,20,75.94,50863.0,50430.0,1819.0
2026-03-20,21,52.96,41380.0,42928.0,-2903.0
2026-03-20,22,52.28,50499.0,50134.0,-2411.0
2026-03-20,23,66.87,42353.0,41159.0,956.0
2026-03-21,0,46.54,35512.0,35488.0,-2526.0
2026-03-21,1,47.43,35714.0,34221.0,-2153.0
2026-03-21,2,34.73,47947.0,47766.0,1935.0
2026-03-21,3,43.23,51633.0,52525.0,780.0
2026-03-21,4,44.04,43242.0,41683.0,-889.0
2026-03-21,5,49.51,42364.0,43908.0,1292.0
2026-03-21,6,43.33,41899.0,41739.0,-776.0
2026-03-21,7,82.38,45426.0,45750.0,1025.0
2026-03-21,8,86.65,38003.0,37079.0,-1937.0
2026-03-21,9,75.79,48177.0,48464.0,-333.0
2026-03-21,10,92.29,38837.0,38070.0,2354.0
2026-03-21,11,92.17,46914.0,45245.0,2631.0
2026-03-21,12,87.55,44684.0,42737.0,1249.0
2026-03-21,13,76.9,43721.0,44302.0,1748.0
2026-03-21,14,98.78,39186.0,37787.0,-989.0
2026-03-21,15,71.96,39798.0,39927.0,1932.0
2026-03-21,16,89.46,52693.0,54527.0,-2927.0
2026-03-21,17,74.62,44882.0,45289.0,-2753.0
2026-03-21,18,78.48,40116.0,41684.0,1284.0
2026-03-21,19,87.12,46310.0,47185.0,1342.0
2026-03-21,20,20.66,50816.0,49188.0,-2468.0
2026-03-21,21,48.99,39628.0,41509.0,-1934.0
2026-03-21,22,41.09,35103.0,33293.0,-900.0
2026-03-21,23,51.18,37221.0,35511.0,2305.0
2026-03-22,0,41.97,43976.0,43306.0,-2687.0
2026-03-22,1,49.73,43578.0,42929.0,629.0
2026-03-22,2,54.67,48748.0,47376.0,2222.0
2026-03-22,3,66.01,37813.0,38894.0,1380.0
2026-03-22,4,48.19,36349.0,37189.0,2369.0
2026-03-22,5,44.75,35912.0,36246.0,365.0
2026-03-22,6,50.69,46466.0,44900.0,2616.0
2026-03-22,7,95.38,53204.0,51962.0,1821.0
2026-03-22,8,89.02,46947.0,46253.0,-2844.0
2026-03-22,9,88.5,54051.0,54279.0,-602.0
2026-03-22,10,78.01,50097.0,50129.0,1409.0
2026-03-22,11,81.1,38054.0,38814.0,-643.0
2026-03-22,12,94.52,51953.0,52403.0,-1559.0
2026-03-22,13,85.75,41174.0,41136.0,-1761.0
2026-03-22,14,91.65,42699.0,42180.0,327.0
2026-03-22,15,98.01,53589.0,53337.0,-2193.0
2026-03-22,16,81.29,50701.0,49776.0,1473.0
2026-03-22,17,92.7,36913.0,35904.0,-2940.0
2026-03-22,18,75.31,47263.0,48211.0,2988.0
2026-03-22,19,85.31,50835.0,50003.0,1262.0
2026-03-22,20,31.12,49925.0,48962.0,-695.0
2026-03-22,21,46.24,36612.0,38567.0,1169.0
2026-03-22,22,52.37,43916.0,44576.0,23.0
2026-03-22,23,36.86,45551.0,47538.0,1379.0
2026-03-23,0,49.64,50558.0,51619.0,1864.0
2026-03-23,1,67.36,40919.0,41153.0,-1958.0
2026-03-23,2,54.06,52044.0,52897.0,469.0
2026-03-23,3,62.07,54492.0,54484.0,-480.0
2026-03-23,4,68.08,53570.0,52425.0,-1086.0
2026-03-23,5,63.29,39927.0,41490.0,-973.0
2026-03-23,6,65.49,46577.0,48197.0,2072.0
2026-03-23,7,83.14,45274.0,46506.0,2325.0
2026-03-23,8,95.55,54429.0,53380.0,1429.0
2026-03-23,9,99.37,38796.0,40472.0,-1545.0
2026-03-23,10,107.11,41535.0,40963.0,2861.0
2026-03-23,11,104.44,52635.0,50905.0,1299.0
2026-03-23,12,93.08,45449.0,45704.0,-2030.0
2026-03-23,13,105.15,45711.0,46002.0,-2910.0
2026-03-23,14,98.58,45713.0,44689.0,2096.0
2026-03-23,15,105.55,52528.0,53751.0,1250.0
2026-03-23,16,97.43,43868.0,43424.0,425.0
2026-03-23,17,92.33,47440.0,47939.0,-2497.0
2026-03-23,18,109.04,51179.0,52333.0,587.0
2026-03-23,19,90.67,49662.0,51519.0,644.0
2026-03-23,20,58.2,50347.0,50195.0,-1312.0
2026-03-23,21,60.02,37770.0,37595.0,919.0
2026-03-23,22,55.06,53204.0,54213.0,-2993.0
2026-03-23,23,72.35,52752.0,52092.0,2996.0
2026-03-24,0,63.56,38660.0,36800.0,-821.0
2026-03-24,1,56.73,52061.0,50498.0,-630.0
2026-03-24,2,76.96,48652.0,50182.0,-63.0
2026-03-24,3,51.69,37660.0,39302.0,-147.0
2026-03-24,4,74.31,52579.0,51971.0,2885.0
2026-03-24,5,51.86,41537.0,42214.0,2563.0
2026-03-24,6,47.29,49238.0,49360.0,-239.0
2026-03-24,7,90.45,54369.0,52568.0,2291.0
2026-03-24,8,97.08,52431.0,51353.0,2022.0
2026-03-24,9,95.28,39421.0,39077.0,2067.0
2026-03-24,10,97.1,40832.0,40064.0,-1527.0
2026-03-24,11,104.17,35235.0,36716.0,-2699.0
2026-03-24,12,96.62,35332.0,34693.0,-717.0
2026-03-24,13,103.21,40140.0,40717.0,-2762.0
2026-03-24,14,101.07,37661.0,39306.0,-133.0
2026-03-24,15,103.86,52858.0,52755.0,2507.0
2026-03-24,16,95.36,50263.0,51759.0,-2769.0
2026-03-24,17,107.6,48359.0,46655.0,-2461.0
2026-03-24,18,97.27,39940.0,38731.0,-1742.0
2026-03-24,19,93.73,38128.0,36152.0,1120.0
2026-03-24,20,60.26,45309.0,47173.0,894.0
2026-03-24,21,65.36,41003.0,39046.0,-1800.0
2026-03-24,22,56.73,42266.0,43835.0,-1657.0
2026-03-24,23,65.97,53087.0,54685.0,-2915.0
2026-03-25,0,55.4,44005.0,45898.0,2663.0
2026-03-25,1,47.54,48290.0,48996.0,-2043.0
2026-03-25,2,66.0,51825.0,53792.0,2270.0
2026-03-25,3,47.33,40810.0,39338.0,1064.0
2026-03-25,4,67.9,43298.0,42465.0,-2607.0
2026-03-25,5,54.78,49699.0,47965.0,-796.0
2026-03-25,6,55.04,48706.0,47573.0,-105.0
2026-03-25,7,97.49,39153.0,38980.0,-522.0
2026-03-25,8,72.92,47774.0,47013.0,-514.0
2026-03-25,9,121.61,51178.0,51010.0,2859.0
2026-03-25,10,98.24,38906.0,40237.0,-1464.0
2026-03-25,11,115.94,38537.0,39032.0,-1621.0
2026-03-25,12,111.33,52521.0,53893.0,-2599.0
2026-03-25,13,104.4,35315.0,36582.0,356.0
2026-03-25,14,108.96,50982.0,51709.0,2155.0
2026-03-25,15,94.74,41348.0,42050.0,-1317.0
2026-03-25,16,109.44,36868.0,36740.0,2257.0
2026-03-25,17,87.58,45041.0,43558.0,-181.0
2026-03-25,18,93.57,46566.0,48402.0,-1771.0
2026-03-25,19,91.19,51871.0,50525.0,2204.0
2026-03-25,20,65.93,51729.0,52345.0,2832.0
2026-03-25,21,69.31,47063.0,45607.0,-2615.0
2026-03-25,22,58.12,45800.0,46716.0,2580.0
2026-03-25,23,62.66,52378.0,53348.0,2163.0
2026-03-26,0,64.68,46769.0,47642.0,-1754.0
2026-03-26,1,59.72,48305.0,46753.0,36.0
2026-03-26,2,74.85,48965.0,47012.0,-2852.0
2026-03-26,3,60.72,54290.0,52707.0,469.0
2026-03-26,4,75.72,41153.0,41892.0,2635.0
2026-03-26,5,60.11,42063.0,43115.0,-902.0
2026-03-26,6,52.81,37171.0,36136.0,1637.0
2026-03-26,7,79.64,35401.0,36427.0,-2836.0
2026-03-26,8,96.96,49048.0,48583.0,-422.0
2026-03-26,9,105.16,47703.0,48640.0,173.0
2026-03-26,10,99.13,42656.0,42663.0,-2902.0
2026-03-26,11,115.79,48129.0,48985.0,1167.0
2026-03-26,12,99.14,40767.0,41876.0,2925.0
2026-03-26,13,97.75,42366.0,42025.0,455.0
2026-03-26,14,108.02,42224.0,44040.0,-2056.0
2026-03-26,15,111.91,36009.0,35365.0,2733.0
2026-03-26,16,96.26,36185.0,37088.0,1609.0
2026-03-26,17,94.82,45967.0,47474.0,2570.0
2026-03-26,18,111.27,41712.0,43652.0,-501.0
2026-03-26,19,79.84,48740.0,48889.0,-200.0
2026-03-26,20,56.69,49657.0,48585.0,-543.0
2026-03-26,21,59.73,38797.0,37731.0,1993.0
2026-03-26,22,63.1,50320.0,49999.0,-216.0
2026-03-26,23,61.87,47320.0,49169.0,-314.0
2026-03-27,0,67.95,43243.0,44283.0,-2103.0
2026-03-27,1,66.21,49568.0,48966.0,-1086.0
2026-03-27,2,56.99,54620.0,55973.0,-391.0
2026-03-27,3,69.31,35287.0,34303.0,-301.0
2026-03-27,4,45.68,54250.0,52583.0,1182.0
2026-03-27,5,61.84,43287.0,42607.0,2864.0
2026-03-27,6,71.7,43436.0,44259.0,2679.0
2026-03-27,7,88.45,35573.0,35183.0,1280.0
2026-03-27,8,100.24,36891.0,37951.0,2262.0
2026-03-27,9,87.75,35496.0,34437.0,-623.0
2026-03-27,10,111.25,43637.0,41830.0,1050.0
2026-03-27,11,107.38,45925.0,45464.0,-1925.0
2026-03-27,12,92.12,47775.0,48793.0,936.0
2026-03-27,13,95.25,36470.0,36518.0,-2568.0
2026-03-27,14,111.63,35759.0,34257.0,-2702.0
2026-03-27,15,95.98,51799.0,52836.0,2042.0
2026-03-27,16,93.98,42255.0,43912.0,-254.0
2026-03-27,17,115.93,53409.0,53166.0,-430.0
2026-03-27,18,92.9,48215.0,47509.0,-2595.0
2026-03-27,19,86.53,43962.0,43951.0,-1837.0
2026-03-27,20,43.62,53708.0,55675.0,-745.0
2026-03-27,21,56.82,37638.0,39327.0,-2313.0
2026-03-27,22,50.33,38707.0,38618.0,1265.0
2026-03-27,23,54.18,45711.0,45400.0,1779.0
2026-03-28,0,45.02,47862.0,47870.0,841.0
2026-03-28,1,50.34,36509.0,38265.0,1699.0
2026-03-28,2,38.09,44047.0,42297.0,-2623.0
2026-03-28,3,63.13,49044.0,50097.0,-1700.0
2026-03-28,4,43.5,44074.0,45512.0,-1032.0
2026-03-28,5,61.28,51593.0,50010.0,-342.0
2026-03-28,6,43.99,43042.0,43119.0,2136.0
2026-03-28,7,79.19,44639.0,44798.0,373.0
2026-03-28,8,85.11,53005.0,52167.0,-1968.0
2026-03-28,9,81.17,35853.0,36718.0,2870.0
2026-03-28,10,87.51,44674.0,42692.0,-2763.0
2026-03-28,11,89.44,41422.0,39632.0,1553.0
2026-03-28,12,84.25,41178.0,42785.0,1998.0
2026-03-28,13,95.23,54371.0,54427.0,-1309.0
2026-03-28,14,88.45,42003.0,42071.0,1541.0
2026-03-28,15,89.55,54496.0,54211.0,-1657.0
2026-03-28,16,66.86,40386.0,41694.0,449.0
2026-03-28,17,78.8,41287.0,42768.0,2161.0
2026-03-28,18,73.57,41548.0,43255.0,-2412.0
2026-03-28,19,103.42,38810.0,37496.0,-1401.0
2026-03-28,20,33.74,50128.0,48155.0,-2743.0
2026-03-28,21,37.13,43306.0,44043.0,-569.0
2026-03-28,22,53.97,46969.0,48541.0,-1150.0
2026-03-28,23,49.38,39429.0,38005.0,-344.0
2026-03-29,0,38.29,41705.0,43199.0,1499.0
2026-03-29,1,49.86,52601.0,54479.0,-1366.0
2026-03-29,2,41.81,43744.0,44044.0,629.0
2026-03-29,3,37.23,53113.0,51702.0,360.0
2026-03-29,4,36.83,52172.0,50264.0,-332.0
2026-03-29,5,39.96,36126.0,37022.0,2512.0
2026-03-29,6,37.71,48055.0,48732.0,1146.0
2026-03-29,7,76.52,44389.0,42479.0,755.0
2026-03-29,8,83.26,54680.0,53816.0,-286.0
2026-03-29,9,79.74,43600.0,43260.0,1761.0
2026-03-29,10,91.71,49855.0,51698.0,1493.0
2026-03-29,11,91.49,36332.0,37812.0,-2065.0
2026-03-29,12,78.28,47686.0,47864.0,1677.0
2026-03-29,13,96.34,49086.0,50590.0,-1712.0
2026-03-29,14,93.59,42897.0,43504.0,251.0
2026-03-29,15,79.82,42955.0,42265.0,1049.0
2026-03-29,16,91.13,42269.0,40494.0,-1593.0
2026-03-29,17,91.12,43007.0,42623.0,714.0
2026-03-29,18,91.75,54129.0,54874.0,1972.0
2026-03-29,19,75.17,40214.0,39629.0,2815.0
2026-03-29,20,48.78,36050.0,35163.0,2161.0
2026-03-29,21,56.17,37171.0,35756.0,-434.0
2026-03-29,22,58.16,39380.0,41271.0,2766.0
2026-03-29,23,53.99,44357.0,42827.0,-739.0
2026-03-30,0,43.59,40866.0,42096.0,1599.0
2026-03-30,1,44.29,47242.0,47246.0,-1195.0
2026-03-30,2,65.06,39813.0,39030.0,2267.0
2026-03-30,3,56.98,37848.0,37336.0,2648.0
2026-03-30,4,70.19,47259.0,47591.0,-1419.0
2026-03-30,5,62.63,44270.0,42960.0,-237.0
2026-03-30,6,63.91,51152.0,52026.0,-365.0
2026-03-30,7,93.3,45047.0,43930.0,1417.0
2026-03-30,8,91.98,50372.0,50333.0,326.0
2026-03-30,9,108.21,43817.0,43053.0,1446.0
2026-03-30,10,101.74,45985.0,47402.0,-7.0
2026-03-30,11,87.62,54804.0,54823.0,-2551.0
2026-03-30,12,101.63,35525.0,34770.0,-1703.0
2026-03-30,13,98.35,43098.0,43978.0,712.0
2026-03-30,14,113.4,40262.0,41603.0,1584.0
2026-03-30,15,100.04,40849.0,40351.0,2920.0
2026-03-30,16,99.75,37623.0,39526.0,2094.0
2026-03-30,17,101.48,37109.0,38918.0,-2287.0
2026-03-30,18,89.08,41606.0,43210.0,74.0
2026-03-30,19,102.35,40179.0,41059.0,-283.0
2026-03-30,20,56.64,38439.0,38326.0,2264.0
2026-03-30,21,64.25,48123.0,48697.0,405.0
2026-03-30,22,59.63,50666.0,49157.0,-2723.0
2026-03-30,23,54.42,43272.0,43429.0,-692.0
2026-03-31,0,56.95,43836.0,45600.0,-2092.0
2026-03-31,1,59.67,41739.0,43262.0,2192.0
2026-03-31,2,56.92,42381.0,44158.0,2989.0
2026-03-31,3,69.38,39744.0,40334.0,376.0
2026-03-31,4,68.32,44445.0,43477.0,-2001.0
2026-03-31,5,53.55,35855.0,34386.0,-2589.0
2026-03-31,6,56.07,53090.0,52765.0,2686.0
2026-03-31,7,93.45,46132.0,46130.0,-2317.0
2026-03-31,8,100.06,54407.0,55080.0,-1290.0
2026-03-31,9,115.38,54878.0,56371.0,757.0
2026-03-31,10,116.59,50081.0,48312.0,-504.0
2026-03-31,11,100.37,39908.0,39678.0,890.0
2026-03-31,12,105.67,43254.0,42995.0,2412.0
2026-03-31,13,125.63,44723.0,43375.0,-130.0
2026-03-31,14,97.21,37563.0,36890.0,1224.0
2026-03-31,15,101.06,51563.0,51171.0,-778.0
2026-03-31,16,110.99,45979.0,44541.0,-2285.0
2026-03-31,17,88.18,52211.0,50806.0,-775.0
2026-03-31,18,110.24,42369.0,43698.0,1269.0
2026-03-31,19,90.71,50061.0,50440.0,2341.0
2026-03-31,20,58.08,49595.0,49965.0,470.0
2026-03-31,21,62.29,42276.0,43966.0,2844.0
2026-03-31,22,62.49,47003.0,47266.0,100.0
2026-03-31,23,55.33,46057.0,45418.0,-1294.0
2026-04-01,0,53.7,43068.0,43078.0,-1403.0
2026-04-01,1,66.05,48574.0,50561.0,2302.0
2026-04-01,2,53.37,42256.0,43629.0,45.0
2026-04-01,3,52.19,37689.0,37687.0,1961.0
2026-04-01,4,54.72,44040.0,42432.0,2793.0
2026-04-01,5,56.84,35502.0,34755.0,26.0
2026-04-01,6,68.95,52065.0,52354.0,197.0
2026-04-01,7,100.35,54372.0,54548.0,-1000.0
2026-04-01,8,107.36,37145.0,37889.0,2823.0
2026-04-01,9,96.89,37357.0,35875.0,1860.0
2026-04-01,10,105.04,37037.0,38867.0,1682.0
2026-04-01,11,103.37,50825.0,49273.0,2726.0
2026-04-01,12,101.73,47560.0,48362.0,279.0
2026-04-01,13,84.14,48104.0,46669.0,2499.0
2026-04-01,14,100.4,50616.0,50144.0,-2296.0
2026-04-01,15,104.43,38875.0,40165.0,-2566.0
2026-04-01,16,100.66,36977.0,38530.0,785.0
2026-04-01,17,103.77,50633.0,51220.0,2241.0
2026-04-01,18,99.93,43787.0,45368.0,-2702.0
2026-04-01,19,88.17,40599.0,38912.0,-272.0
2026-04-01,20,49.33,36844.0,38208.0,-1497.0
2026-04-01,21,67.09,49997.0,50013.0,1239.0
2026-04-01,22,56.12,53707.0,54784.0,-960.0
2026-04-01,23,69.48,54184.0,54535.0,-1648.0
2026-04-02,0,61.93,53241.0,52713.0,445.0
2026-04-02,1,83.35,36264.0,37509.0,-2072.0
2026-04-02,2,73.51,53868.0,54956.0,2822.0
2026-04-02,3,67.11,40433.0,39445.0,-1308.0
2026-04-02,4,41.38,35285.0,35118.0,57.0
2026-04-02,5,71.53,35690.0,36590.0,102.0
2026-04-02,6,73.33,37754.0,37333.0,-969.0
2026-04-02,7,100.01,52704.0,52982.0,-1552.0
2026-04-02,8,102.57,38153.0,37841.0,-1674.0
2026-04-02,9,105.12,38000.0,37004.0,505.0
2026-04-02,10,89.36,46883.0,44938.0,2238.0
2026-04-02,11,102.42,35803.0,34506.0,-1672.0
2026-04-02,12,112.4,54193.0,54350.0,-1021.0
2026-04-02,13,110.16,39936.0,39349.0,-455.0
2026-04-02,14,94.49,39145.0,37844.0,439.0
2026-04-02,15,110.89,49823.0,49948.0,-2917.0
2026-04-02,16,97.3,54915.0,54598.0,1471.0
2026-04-02,17,94.73,45792.0,45146.0,2066.0
2026-04-02,18,107.72,51425.0,51648.0,-2850.0
2026-04-02,19,92.87,44895.0,46743.0,2621.0
2026-04-02,20,62.09,41266.0,41328.0,-820.0
2026-04-02,21,52.52,40700.0,41792.0,-1958.0
2026-04-02,22,63.89,52192.0,51683.0,-1246.0
2026-04-02,23,64.29,50638.0,51719.0,1591.0
2026-04-03,0,65.88,36917.0,35499.0,2797.0
2026-04-03,1,49.01,38147.0,38084.0,1896.0
2026-04-03,2,64.44,46490.0,44986.0,-274.0
2026-04-03,3,63.5,35529.0,36788.0,1690.0
2026-04-03,4,52.74,49780.0,50229.0,-1027.0
2026-04-03,5,56.67,52896.0,53968.0,1423.0
2026-04-03,6,69.04,39423.0,38733.0,885.0
2026-04-03,7,91.79,40618.0,39244.0,782.0
2026-04-03,8,108.67,44733.0,43983.0,2147.0
2026-04-03,9,104.3,49364.0,49734.0,-373.0
2026-04-03,10,106.37,44350.0,43962.0,-1600.0
2026-04-03,11,107.55,44638.0,44768.0,110.0
2026-04-03,12,103.81,48639.0,47112.0,1453.0
2026-04-03,13,103.92,39751.0,40724.0,-1929.0
2026-04-03,14,101.93,43364.0,42856.0,-316.0
2026-04-03,15,102.04,35674.0,36204.0,2971.0
2026-04-03,16,105.38,48955.0,49005.0,-1633.0
2026-04-03,17,96.58,46831.0,44919.0,-1025.0
2026-04-03,18,103.07,43876.0,42437.0,-1796.0
2026-04-03,19,102.34,50130.0,51617.0,1705.0
2026-04-03,20,66.4,45822.0,47210.0,858.0
2026-04-03,21,65.01,52297.0,50311.0,-1109.0
2026-04-03,22,66.58,41423.0,43051.0,2861.0
2026-04-03,23,65.48,40619.0,38954.0,486.0
2026-04-04,0,53.68,39678.0,40709.0,1295.0
2026-04-04,1,25.61,48340.0,49608.0,-127.0
2026-04-04,2,41.45,45560.0,44273.0,854.0
2026-04-04,3,27.2,46419.0,47015.0,871.0
2026-04-04,4,36.09,48850.0,50621.0,-1397.0
2026-04-04,5,36.86,35475.0,37474.0,-2958.0
2026-04-04,6,44.55,37479.0,37976.0,-54.0
2026-04-04,7,74.24,52366.0,51316.0,775.0
2026-04-04,8,75.62,46922.0,47604.0,2551.0
2026-04-04,9,85.67,49169.0,49790.0,-1997.0
2026-04-04,10,88.39,40226.0,38681.0,2029.0
2026-04-04,11,91.97,40613.0,40389.0,-885.0
2026-04-04,12,89.52,44440.0,44851.0,428.0
2026-04-04,13,78.08,51944.0,51538.0,-1563.0
2026-04-04,14,91.52,38111.0,38664.0,809.0
2026-04-04,15,85.73,43781.0,43293.0,-1134.0
2026-04-04,16,99.99,38480.0,39016.0,2200.0
2026-04-04,17,81.67,35162.0,34346.0,499.0
2026-04-04,18,75.78,50117.0,48403.0,-2774.0
2026-04-04,19,83.75,43754.0,42847.0,-2690.0
2026-04-04,20,47.94,44147.0,42364.0,1190.0
2026-04-04,21,40.93,51424.0,51971.0,1613.0
2026-04-04,22,39.95,43036.0,43168.0,627.0
2026-04-04,23,47.62,49812.0,48943.0,-2603.0
